query_id	result_count	time_ms	status	error_type
1	94	69.445	200	
2	1	32.815	200	
3	122	45.139	200	
4	1	23.330	200	
5	220	9.500	200	
6	0	34.311	200	
7	0	41.756	200	
8	49	12.188	200	
9	0	13.632	200	
10	3	51.516	200	
11	2	23.909	200	
12	3	25.042	200	
13	1	37.346	200	
14	7	52.490	200	
15	45	27.461	200	
16	170	40.378	200	
17	0	59.004	200	
18	3	25.715	200	
19	1	27.573	200	
20	31752	22.356	200	
21	255	18.650	200	
22	399	20.658	200	
23	2	30.285	200	
24	14	16.722	200	
25	0	31.104	200	
26	0	8.866	200	
27	3	34.549	200	
28	10813	14.606	200	
29	13	15.739	200	
30	15	12.673	200	
31	675	24.592	200	
32	0	43.392	200	
33	2006	7.234	200	
34	37	25.268	200	
35	23	27.078	200	
36	1	38.567	200	
37	28550	5.266	200	
38	0	29.720	200	
39	1	46.124	200	
40	0	5.870	200	
41	0	5.047	200	
42	33769	15.241	200	
43	1172	42.790	200	
44	116	3.864	200	
45	54	22.690	200	
46	8	20.625	200	
47	0	26.084	200	
48	53	8.646	200	
49	0	31.942	200	
50	0	10.901	200	
51	0	23.029	200	
52	0	12.902	200	
53	0	26.256	200	
54	19744	20.712	200	
55	3	30.707	200	
56	7	13.262	200	
57	1	15.079	200	
58	5	9.259	200	
59	145	38.930	200	
60	1	9.834	200	
61	0	13.959	200	
62	1	25.530	200	
63	121	16.149	200	
64	43	7.752	200	
65	107	18.185	200	
66	4	4.758	200	
67	32	14.172	200	
68	0	11.661	200	
69	29689	35.493	200	
70	0	9.630	200	
71	2189	13.964	200	
72	27	9.197	200	
73	1000000	155.770	200	
74	0	30.364	200	
75	1	8.872	200	
76	0	17.464	200	
77	2351	19.197	200	
78	6	4.552	200	
79	1017	20.501	200	
80	1	25.783	200	
81	0	26.288	200	
82	5801	16.208	200	
83	90	29.442	200	
84	0	0.506	200	
85	5	16.864	200	
86	0	4.914	200	
87	1135	19.042	200	
88	118	23.997	200	
89	0	12.056	200	
90	92	25.239	200	
91	4	15.560	200	
92	1	11.492	200	
93	0	45.341	200	
94	0	26.919	200	
95	659	50.163	200	
96	0	16.365	200	
97	8	12.779	200	
98	16	13.615	200	
99	0	42.415	200	
100	1	10.781	200	
101	705	24.334	200	
102	3	26.332	200	
103	1	13.051	200	
104	56	23.210	200	
105	0	15.626	200	
106	0	21.229	200	
107	12	22.437	200	
108	759	14.385	200	
109	0	25.149	200	
110	169	10.100	200	
111	1	43.048	200	
112	0	12.793	200	
113	8664	9.418	200	
114	620	26.626	200	
115	2	34.588	200	
116	0	28.776	200	
117	0	2.691	200	
118	5	0.241	200	
119	16	21.482	200	
120	10638	20.928	200	
121	3	18.905	200	
122	46	14.334	200	
123	54	15.512	200	
124	0	6.684	200	
125	2	10.963	200	
126	0	15.821	200	
127	0	12.029	200	
128	1	23.840	200	
129	0	18.048	200	
130	6	22.401	200	
131	0	30.509	200	
132	20	0.879	200	
133	0	12.138	200	
134	94	35.094	200	
135	0	24.145	200	
136	9	37.401	200	
137	51	25.439	200	
138	1	40.843	200	
139	1	34.246	200	
140	3	14.120	200	
141	0	24.979	200	
142	0	11.054	200	
143	1	27.541	200	
144	463	20.555	200	
145	331	29.293	200	
146	4	19.738	200	
147	0	17.788	200	
148	0	44.994	200	
149	2977	14.403	200	
150	6266	17.038	200	
151	0	32.362	200	
152	3	21.734	200	
153	26	22.385	200	
154	57	19.400	200	
155	38	13.558	200	
156	1	6.700	200	
157	7730	7.083	200	
158	144	9.856	200	
159	8	12.257	200	
160	821	7.882	200	
161	1	25.764	200	
162	46	17.553	200	
163	0	32.860	200	
164	8	45.038	200	
165	44	23.775	200	
166	0	22.236	200	
167	0	18.758	200	
168	1	32.332	200	
169	1941	37.090	200	
170	127	37.813	200	
171	53	37.572	200	
172	1082	9.562	200	
173	2310	38.529	200	
174	1	25.069	200	
175	0	29.034	200	
176	365	13.515	200	
177	92	11.139	200	
178	4	17.662	200	
179	524	6.834	200	
180	0	37.266	200	
181	19185	19.695	200	
182	1092	12.914	200	
183	46992	35.964	200	
184	5	9.513	200	
185	0	11.841	200	
186	35	24.827	200	
187	112	24.223	200	
188	17858	38.207	200	
189	19	35.583	200	
190	344	34.405	200	
191	22	22.285	200	
192	3	19.950	200	
193	0	13.611	200	
194	0	9.675	200	
195	1	18.838	200	
196	10	28.091	200	
197	1	39.886	200	
198	54112	23.825	200	
199	4	7.180	200	
200	0	33.953	200	
201	3	24.937	200	
202	1	33.726	200	
203	1224	13.119	200	
204	1	44.176	200	
205	1	21.652	200	
206	1	17.034	200	
207	0	29.705	200	
208	0	26.537	200	
209	3	3.670	200	
210	428	14.708	200	
211	2	44.947	200	
212	27	27.995	200	
213	99	146.331	200	
214	20	13.273	200	
215	52	47.415	200	
216	15	10.215	200	
217	181	7.789	200	
218	6	64.828	200	
219	2	51.094	200	
220	6	56.634	200	
221	2	45.232	200	
222	64	46.506	200	
223	4	50.261	200	
224	4	8.933	200	
225	7	52.417	200	
226	3	41.827	200	
227	37	74.504	200	
228	3	57.476	200	
229	5	29.655	200	
230	47	11.652	200	
231	8	66.299	200	
232	47	11.649	200	
233	77	59.262	200	
234	4	36.933	200	
235	15	63.553	200	
236	230	40.545	200	
237	134	37.585	200	
238	1	38.744	200	
239	22	13.915	200	
240	2	39.182	200	
241	46	11.559	200	
242	19	48.129	200	
243	14	21.553	200	
244	154	8.386	200	
245	3	54.154	200	
246	5	29.994	200	
247	31	8.571	200	
248	19	12.233	200	
249	3	40.599	200	
250	5	42.322	200	
251	51	7.795	200	
252	2	70.015	200	
253	36	16.260	200	
254	9	40.878	200	
255	6	40.683	200	
256	48	6.052	200	
257	4	16.974	200	
258	719	11.182	200	
259	71	33.825	200	
260	46	39.472	200	
261	12	13.758	200	
262	3	36.715	200	
263	54	8.169	200	
264	3	35.315	200	
265	4	39.664	200	
266	6	47.031	200	
267	3	50.493	200	
268	16	34.625	200	
269	34	14.195	200	
270	20	69.219	200	
271	7	48.088	200	
272	115	10.746	200	
273	20	3.643	200	
274	233	0.366	200	
275	2	19.058	200	
276	2	29.539	200	
277	143	8.227	200	
278	5	28.250	200	
279	135	15.470	200	
280	3	35.665	200	
281	9	41.916	200	
282	207	6.833	200	
283	37	40.286	200	
284	2	42.788	200	
285	12	19.884	200	
286	28	0.467	200	
287	4	42.928	200	
288	3	33.389	200	
289	9	35.969	200	
290	11	16.547	200	
291	20	55.660	200	
292	4	32.270	200	
293	131	5.888	200	
294	2	21.824	200	
295	213	12.898	200	
296	21	51.759	200	
297	4	48.419	200	
298	4	48.944	200	
299	41	11.397	200	
300	20	7.938	200	
301	1	19.884	200	
302	12	43.844	200	
303	39	65.588	200	
304	116	6.669	200	
305	3	40.582	200	
306	2	36.914	200	
307	49	9.020	200	
308	7	34.987	200	
309	173	43.923	200	
310	11	10.448	200	
311	11	49.537	200	
312	7	39.851	200	
313	12	34.417	200	
314	28	41.952	200	
315	5	38.863	200	
316	234	9.563	200	
317	27	35.485	200	
318	11	25.256	200	
319	18	58.568	200	
320	2	42.078	200	
321	4	31.826	200	
322	13	47.276	200	
323	3	40.642	200	
324	33	15.095	200	
325	19	5.352	200	
326	41	45.772	200	
327	5	28.787	200	
328	3	18.548	200	
329	7	47.400	200	
330	33	6.350	200	
331	47	42.593	200	
332	27	17.293	200	
333	13	40.055	200	
334	6	36.905	200	
335	37	16.475	200	
336	6	12.641	200	
337	140	18.238	200	
338	96	5.076	200	
339	53	0.406	200	
340	12	39.441	200	
341	119	31.995	200	
342	3	35.158	200	
343	20	36.369	200	
344	2393	24.671	200	
345	84	46.558	200	
346	7	23.818	200	
347	175	28.144	200	
348	2	25.942	200	
349	28	34.274	200	
350	4	32.258	200	
351	766	38.514	200	
352	53	19.930	200	
353	18	23.705	200	
354	2	47.900	200	
355	5	31.755	200	
356	7	15.252	200	
357	32	0.424	200	
358	37	25.216	200	
359	7	45.707	200	
360	85	15.154	200	
361	298	14.878	200	
362	60	22.995	200	
363	3	36.259	200	
364	705	27.633	200	
365	1	34.186	200	
366	104	35.786	200	
367	187	42.296	200	
368	22	15.411	200	
369	20698	34.997	200	
370	29	17.383	200	
371	5	24.942	200	
372	48	47.735	200	
373	1	30.177	200	
374	2157	7.359	200	
375	361	33.193	200	
376	15	19.552	200	
377	8	26.363	200	
378	7	21.328	200	
379	9	19.280	200	
380	51	27.640	200	
381	24	36.427	200	
382	136	31.846	200	
383	3	0.530	200	
384	220	21.594	200	
385	4610	15.441	200	
386	23	24.586	200	
387	1	28.471	200	
388	175	27.821	200	
389	0	33.173	200	
390	63	35.600	200	
391	0	26.524	200	
392	13	35.678	200	
393	75	32.057	200	
394	10	33.538	200	
395	0	72.378	200	
396	4	31.355	200	
397	1166	28.471	200	
398	181	27.534	200	
399	132	37.012	200	
400	6243	21.098	200	
401	38	32.093	200	
402	16307	29.619	200	
403	0	14.025	200	
404	88	10.776	200	
405	6813	26.047	200	
406	6	22.210	200	
407	884	56.460	200	
408	159	13.058	200	
409	586	14.125	200	
410	33303	31.206	200	
411	31	15.793	200	
412	792	12.820	200	
413	6918	27.523	200	
414	0	27.426	200	
415	7694	10.102	200	
416	558	15.859	200	
417	21	18.347	200	
418	608	9.399	200	
419	1	33.467	200	
420	6	24.760	200	
421	37	16.636	200	
422	18	17.111	200	
423	7	26.584	200	
424	1167	28.040	200	
425	8	44.798	200	
426	109	30.651	200	
427	81	18.064	200	
428	151	24.695	200	
429	11	30.082	200	
430	92	20.952	200	
431	0	64.793	200	
432	1	49.621	200	
433	13	13.851	200	
434	0	16.132	200	
435	1	39.433	200	
436	3	14.986	200	
437	4	23.788	200	
438	1	7.954	200	
439	1	70.867	200	
440	0	30.074	200	
441	12	38.757	200	
442	3	13.538	200	
443	1	29.432	200	
444	1	15.588	200	
445	1	14.543	200	
446	17	25.800	200	
447	1	8.607	200	
448	5	6.081	200	
449	1	4.114	200	
450	9	24.926	200	
451	1	15.908	200	
452	5	30.288	200	
453	0	36.761	200	
454	76	19.157	200	
455	0	4.877	200	
456	0	6.167	200	
457	0	0.428	200	
458	0	42.237	200	
459	3	31.797	200	
460	1	6.044	200	
461	1	24.953	200	
462	0	15.099	200	
463	0	23.285	200	
464	1	18.181	200	
465	0	113.861	200	
466	0	27.195	200	
467	0	66.785	200	
468	4530	175.777	200	
469	542	138.922	200	
470	98	73.719	200	
471	0	29.206	200	
472	0	32.177	200	
473	12	75.641	200	
474	656	329.985	200	
475	178	105.811	200	
476	4223	95.717	200	
477	0	70.241	200	
478	1252	32.623	200	
479	2419	51.995	200	
480	18487	133.138	200	
481	0	87.565	200	
482	1	66.745	200	
483	44	62.859	200	
484	0	53.950	200	
485	6289	83.089	200	
486	5779	116.013	200	
487	0	81.516	200	
488	0	47.415	200	
489	0	49.725	200	
490	1	141.656	200	
491	0	10.240	200	
492	0	8.042	200	
493	2	34.406	200	
494	1	47.869	200	
495	1	24.450	200	
496	1	36.641	200	
497	1	29.333	200	
498	1	85.518	200	
499	33165	248.413	200	
500	1	19.876	200	
501	2	90.875	200	
502	0	1014.717	200	
503	1	104.288	200	
504	1	19.646	200	
505	1	34.573	200	
506	2	65.123	200	
507	1	30.860	200	
508	2	16.509	200	
509	0	25.647	200	
510	60	65481.563	200	
511	0	23.577	200	
512	25	3405.610	200	
513	0	21.688	200	
514	335	35.788	200	
515	0	35.521	200	
516	0	14.711	200	
517	10	8637.788	200	
518	1	18.154	200	
519	19057	849.687	200	
520	7036	4144.163	200	
521	1	5671.148	200	
522	11697	12913.194	200	
523	1	51.011	200	
524	131540	45.113	200	
525	131697	74.948	200	
526	1000000	241.630	200	
527	39524	29.489	200	
528	1057	31.647	200	
529	1000000	179.301	200	
530	1	23.920	200	
531	773768	192.188	200	
532	1000000	206.828	200	
533	2546	11.162	200	
534	1000000	204.460	200	
535	91	26.737	200	
536	271265	68.853	200	
537	1	232.036	200	
538	1	47.143	200	
539	1	62.113	200	
540	1	0.755	200	
541	1	25.874	200	
542	1	0.443	200	
543	1	40.612	200	
544	1	0.755	200	
545	1	14.932	200	
546	1	0.319	200	
547	0	14.403	200	
548	7	219.864	200	
549	0	26.065	200	
550	0	24.754	200	
551	3	50.053	200	
552	0	8.371	200	
553	0	44.298	200	
554	12690	1610.292	200	
555	1000000	533.489	200	
556	274037	168.781	200	
557	177	27.751	200	
558	613	41.568	200	
559	230	50.034	200	
560	17	1.155	200	
561	16116	22.139	200	
562	141355	3433.493	200	
563	47	187.406	200	
564	6758	180.408	200	
565	875	61.573	200	
566	5617	41.000	200	
567	707	38.879	200	
568	2651	46.244	200	
569	1000000	152.138	200	
570	1000000	121.629	200	
571	1000000	130.080	200	
572	1000000	137.436	200	
573	1000000	123.808	200	
574	1000000	121.253	200	
575	1000000	123.057	200	
576	1000000	120.626	200	
577	1000000	149.969	200	
578	1397	14639.722	200	
579	31	14122.886	200	
580	0	61.949	200	
581	10	7098.650	200	
582	347	67.588	200	
583	48	157.930	200	
584	0	73.937	200	
585	2115	2126.075	200	
586	79	330.403	200	
587	4514	156.054	200	
588	96	1140.183	200	
589	83883	7423.292	200	
590	174	51.420	200	
591	0	23.304	200	
592	6405	218.853	200	
593	106	17.770	200	
594	1000000	422.320	200	
595	0	4873.529	200	
596	1131	3686.666	200	
597	1000000	6190.017	200	
598	190	4470.008	200	
599	278424	352.439	200	
600	330715	2827.588	200	
601	0	38.150	200	
602	0	65.371	200	
603	1	92.476	200	
604	0	137.222	200	
605	0	34.619	200	
606	0	38.709	200	
607	0	303.053	200	
608	4	111.407	200	
609	1	0.646	200	
610	0	0.266	200	
611	2	49.302	200	
612	1	8.323	200	
613	213	402.017	200	
614	3828	25.287	200	
615	473	954.820	200	
616	191	80.134	200	
617	0	9.590	200	
618	0	28.002	200	
619	1000000	395.221	200	
620	63145	113.350	200	
621	503279	3829.458	200	
622	217	20.470	200	
623	25696	69342.047	200	
624	289	9688.048	200	
625	162	78.426	200	
626	0	97.446	200	
627	143	59.524	200	
628	1000000	869.208	200	
629	0	131.736	200	
630	273881	315.196	200	
631	6	72.674	200	
632	0	84.029	200	
633	897	41.326	200	
634	3	109.135	200	
635	631	12.956	200	
636	7601	37.791	200	
637	39	2105.811	200	
638	0	26.758	200	
639	44705	128.239	200	
640	0	47.638	200	
641	0	25.906	200	
642	132	26.382	200	
643	134847	533.665	200	
644	456	180.262	200	
645	0	10.419	200	
646	1	25.735	200	
647	170	54.538	200	
648	4	55.043	200	
649	1000000	270.083	200	
650	0	14.024	200	
651	173	4.326	200	
652	0	8.670	200	
653	2	0.239	200	
654	59226	264.525	200	
655	19	121.413	200	
656	78	53.311	200	
657	89179	183619.053	200	
658	0	30.973	200	
659	1006	1.310	200	
660	27	11.007	200	
661	3	15.171	200	
662	5	25.846	200	
663	656	198.996	200	
664	14	33.226	200	
665	0	51.656	200	
666	23	35.688	200	
667	1000000	3564.907	200	
668	918903	1265.608	200	
669	134892	1154.477	200	
670	10	3270.851	200	
671	13	19.449	200	
672	633	12.417	200	
673	836255	519.570	200	
674	362799	542.799	200	
675	2	64.479	200	
676	1	19.186	200	
677	0	79.607	200	
678	1	1.429	200	
679	13	56.095	200	
680	2765	3710.060	200	
681	0	16.198	200	
682	0	124.321	200	
683	0	0.773	200	
684	341	19.444	200	
685	69	30.467	200	
686	83	41.111	200	
687	1516	40.893	200	
688	128967	638.921	200	
689	774	183.236	200	
690	61	79.480	200	
691	106428	419.648	200	
692	0	56.216	200	
693	134	46.666	200	
694	1	109.357	200	
695	0	70.966	200	
696	249	25115.352	200	
697	1440	50.495	200	
698	41510	127.623	200	
699	1	0.664	200	
700	43	94.983	200	
701	0	39.611	200	
702	6308	31.437	200	
703	1000000	293.448	200	
704	1000000	3244.466	200	
705	558	150.685	200	
706	179	4.986	200	
707	4679	410.849	200	
708	238	850.964	200	
709	1021	8709.675	200	
710	1000000	216.172	200	
711	1	45.766	200	
712	1	0.432	200	
713	0	17.264	200	
714	0	0.257	200	
715	0	1.357	200	
716	1000000	47282.950	200	
717	17	40.811	200	
718	0	88.417	200	
719	13	20.682	200	
720	1	54.386	200	
721	10	0.472	200	
722	276	206.670	200	
723	1	59.567	200	
724	0	42.835	200	
725	0	744.248	200	
726	0	41.429	200	
727	2574	230.951	200	
728	547569	358.992	200	
729	49418	543.140	200	
730	0	24.164	200	
731	22478	3194.398	200	
732	0	18.464	200	
733	0	61.085	200	
734	8	110.316	200	
735	1000000	28437.465	200	
736	3015	2782.261	200	
737	12	2.680	200	
738	84	13.718	200	
739	339646	57583.748	200	
740	3	40.395	200	
741	513	55.137	200	
742	45891	637.956	200	
743	609742	782.058	200	
744	67464	50.048	200	
745	7	23.575	200	
746	233	11.806	200	
747	25401	40.711	200	
748	115	40.647	200	
749	2	313.225	200	
750	0	1.844	200	
751	0	113.781	200	
752	0	1.059	200	
753	4680	5.480	200	
754	4	0.321	200	
755	0	45.082	200	
756	152	152.319	200	
757	13633	273.292	200	
758	0	0.890	200	
759	3028	10.832	200	
760	389175	1450.006	200	
761	0	36.540	200	
762	0	11.337	200	
763	271	33.642	200	
764	1	0.602	200	
765	4837	2.599	200	
766	1000000	558.683	200	
767	1	134.644	200	
768	692	17.756	200	
769	1	2.378	200	
770	1	3.286	200	
771	34422	310.756	200	
772	1000000	3304.305	200	
773	0	29.144	200	
774	1	21.665	200	
775	0	22.545	200	
776	5	63.371	200	
777	0	7.461	200	
778	0	46.737	200	
779	88250	2404.847	200	
780	0	25.237	200	
781	0	1.114	200	
782	124	44.751	200	
783	67314	237.406	200	
784	0	416.761	200	
785	300718	19263.298	200	
786	17319	153.786	200	
787	0	31.690	200	
788	89	58.254	200	
789	28724	187.547	200	
790	14	188.005	200	
791	0	1.147	200	
792	339634	1780.423	200	
793	0	16.513	200	
794	25668	1990.306	200	
795	0	0.707	200	
796	1	0.366	200	
797	51	0.423	200	
798	675	145.115	200	
799	207133	405.686	200	
800	36	79.507	200	
801	30	0.698	200	
802	0	68.012	200	
803	0	59.841	200	
804	430777	1574.806	200	
805	0	65.909	200	
806	1000000	220.997	200	
807	226848	292.800	200	
808	1	14.587	200	
809	1068	25498.217	200	
810	1000000	1178.206	200	
811	0	2.199	200	
812	33	78.231	200	
813	2999	680.433	200	
814	6	5.768	200	
815	271	0.919	200	
816	0	16.935	200	
817	0	66.297	200	
818	82580	131.349	200	
819	1000000	913.106	200	
820	350	1.864	200	
821	35	38.455	200	
822	78	1.293	200	
823	1000000	348.126	200	
824	0	17.738	200	
825	8588	2256.332	200	
826	151966	3921.131	200	
827	21	86.672	200	
828	79	46.301	200	
829	0	6.910	200	
830	0	0.364	200	
831	1000000	241482.261	200	
832	28370	203.021	200	
833	454638	854.733	200	
834	15801	18.596	200	
835	0	1.289	200	
836	0	586.530	200	
837	137	49.631	200	
838	0	40.692	200	
839	527	15.690	200	
840	761	10.051	200	
841	0	40.010	200	
842	8422	99.529	200	
843	114	38.734	200	
844	0	28.240	200	
845	0	0.530	200	
846	1000000	557.725	200	
847	0	0.759	200	
848	363	156.170	200	
849	464	4.377	200	
850	363	3.646	200	
851	34	17.757	200	
852	0	13.460	200	
853	15	15.103	200	
854	106	21.090	200	
855	0	0.522	200	
856	0	60.502	200	
857	930	17.321	200	
858	0	0.481	200	
859	1219	97.329	200	
860	1000000	3396.175	200	
861	0	6.855	200	
862	3015	2444.684	200	
863	3841	2052.453	200	
864	3841	1730.037	200	
865	0	7.474	200	
866	11580	95.598	200	
867	0	85.126	200	
868	9	165.284	200	
869	0	281.157	200	
870	4655	149.009	200	
871	339634	1798.827	200	
872	297	35030.874	200	
873	1000000	8384.548	200	
874	1000000	57773.962	200	
875	0	0.729	200	
876	4536	755.206	200	
877	21723	507.057	200	
878	3747	79.634	200	
879	51	211.426	200	
880	24836	131.475	200	
881	0	1.021	200	
882	0	58.335	200	
883	42	107.594	200	
884	669797	88919.254	200	
885	1000000	31899.879	200	
886	516	3.352	200	
887	1000000	10242.343	200	
888	1000000	28083.001	200	
889	1000000	219.045	200	
890	1000000	278979.564	200	
891	7914	53.741	200	
892	2342	43.960	200	
893	291	78.456	200	
894	1000000	2552.476	200	
895	1000000	186567.723	200	
896	3209	44.838	200	
897	0	338711.234	200	
898	282032	575.847	200	
899	-1	10.409	400	http_error
900	2	329.719	200	
901	21000	56.954	200	
902	3390	75.309	200	
903	0	7.060	200	
904	657	6506.832	200	
905	0	19.634	200	
906	662	1007.945	200	
907	1000000	64829.272	200	
908	456497	4641.582	200	
909	0	1.738	200	
910	5266	302.260	200	
911	0	2.516	200	
912	5839	46.939	200	
913	0	0.572	200	
914	86	3.373	200	
915	74	1.615	200	
916	0	0.223	200	
917	0	0.245	200	
918	0	0.259	200	
919	0	0.276	200	
920	0	0.248	200	
921	696	25.527	200	
922	586	10.924	200	
923	0	32.408	200	
924	1000000	1066.709	200	
925	1000000	187.264	200	
926	37269	13.413	200	
927	624	7.214	200	
928	206	4.258	200	
929	17365	83.800	200	
930	0	141.986	200	
931	0	41.939	200	
932	216	8.811	200	
933	42555	74.502	200	
934	193	6.357	200	
935	13	9.261	200	
936	30	124.960	200	
937	5245	138.689	200	
938	462	2.208	200	
939	8	25.163	200	
940	912	173.530	200	
941	912	97.282	200	
942	23	32.471	200	
943	48	3.138	200	
944	0	26.788	200	
945	50	32869.911	200	
946	0	1106.149	200	
947	0	3400.740	200	
948	0	15298.394	200	
949	0	111542.966	200	
950	0	0.684	200	
951	807	34.969	200	
952	0	13.059	200	
953	1000000	623.006	200	
954	5895	17.873	200	
955	8627	23.560	200	
956	15	380.937	200	
957	92	17179.623	200	
958	2317	135.374	200	
959	439448	526.305	200	
960	492	44.541	200	
961	0	0.596	200	
962	0	92.011	200	
963	252	40.263	200	
964	1000000	372.690	200	
965	0	25.657	200	
966	1000000	2539.153	200	
967	0	1.579	200	
968	1269	59.384	200	
969	5	1.575	200	
970	858	28.357	200	
971	1620	221.742	200	
972	26199	88.313	200	
973	754	24.046	200	
974	15707	9.608	200	
975	76	228.812	200	
976	54310	547.658	200	
977	13158	387.599	200	
978	30741	284.567	200	
979	7636	189.419	200	
980	0	1.767	200	
981	1	1.317	200	
982	30197	30.112	200	
983	1	13.592	200	
984	0	1.953	200	
985	1000000	19419.450	200	
986	1000000	2328.125	200	
987	78583	473618.923	200	
988	193187	261.955	200	
989	1000000	308127.900	200	
990	1000000	65481.552	200	
991	0	1.941	200	
992	0	1.014	200	
993	0	10.670	200	
994	122307	551.640	200	
995	1000000	738.121	200	
996	405	12.268	200	
997	88	1.217	200	
998	0	1.867	200	
999	0	1.511	200	
1000	0	1.155	200	
