1	NC	4347.397731
2	NC	172.606354
3	NC	5819.250927
4	NC	202.201809
5	NC	7528.062467
6	NC	121.117449
7	NC	113.528295
8	NC	2509.473282
9	NC	75.810838
10	NC	110.490420
11	NC	215.710983
12	NC	288.707319
13	NC	148.528632
14	NC	440.107003
15	NC	2436.492817
16	NC	5550.490388
17	NC	85.330661
18	NC	272.325521
19	NC	514.264809
20	NC	371614.106892
21	NC	11912.027641
22	NC	13131.890985
23	NC	127.175716
24	NC	702.008193
25	NC	57.138955
26	NC	64.258101
27	NC	225.288695
28	NC	108889.959735
29	NC	678.194478
30	NC	652.792157
31	NC	24525.909180
32	NC	72.885479
33	NC	51866.952376
34	NC	1926.095771
35	NC	804.205756
36	NC	104.809841
37	NC	154354.190740
38	NC	123.910522
39	NC	132.902978
40	NC	49.513057
41	NC	77.167318
42	NC	298314.789012
43	NC	31222.861736
44	NC	2274.847110
45	NC	2163.112104
46	NC	259.245958
47	NC	111.193514
48	NC	1779.887347
49	NC	35.110438
50	NC	99.815299
51	NC	35.353731
52	NC	81.443429
53	NC	82.931025
54	NC	107081.009460
55	NC	347.523789
56	NC	298.880200
57	NC	197.988217
58	NC	218.269714
59	NC	1200.991306
60	NC	204.630811
61	NC	45.045148
62	NC	80.918522
63	NC	2431.730182
64	NC	1428.656071
65	NC	1477.167163
66	NC	210.193714
67	NC	1179.530065
68	NC	277.602103
69	NC	330403.556461
70	NC	76.410544
71	NC	3285.462242
72	NC	567.322441
73	NC	601144.704510
74	NC	86.043502
75	NC	112.090474
76	NC	48.005127
77	NC	65758.587696
78	NC	167.187211
79	NC	18851.221512
80	NC	91.305434
81	NC	75.763474
82	NC	38924.697936
83	NC	1410.299217
84	NC	7.677644
85	NC	219.961584
86	NC	256.053115
87	NC	22187.159852
88	NC	2690.529797
89	NC	38.674384
90	NC	2344.036280
91	NC	120.479495
92	NC	63.435784
93	NC	22.489693
94	NC	218.050411
95	NC	11862.262019
96	NC	7.168625
97	NC	236.948274
98	NC	392.544385
99	NC	53.962740
100	NC	64.512921
101	NC	12649.461796
102	NC	260.797726
103	NC	164.392095
104	NC	1846.709130
105	NC	59.212635
106	NC	153.171946
107	NC	262.133587
108	NC	10267.152554
109	NC	43.331401
110	NC	3105.368389
111	NC	74.535390
112	NC	72.590970
113	NC	22447.152871
114	NC	9616.080742
115	NC	183.900058
116	NC	28.648107
117	NC	21.696116
118	NC	130.471904
119	NC	374.144257
120	NC	105260.066899
121	NC	233.633504
122	NC	786.536501
123	NC	1076.201269
124	NC	37.548500
125	NC	83.777788
126	NC	48.305152
127	NC	74.235486
128	NC	46.437882
129	NC	55.767003
130	NC	166.990971
131	NC	48.279461
132	NC	170.627356
133	NC	28.362772
134	NC	3185.104014
135	NC	59.707974
136	NC	384.785000
137	NC	621.047427
138	NC	36.151887
139	NC	71.786057
140	NC	118.342342
141	NC	45.278953
142	NC	116.592473
143	NC	63.248501
144	NC	8372.267351
145	NC	8440.018550
146	NC	157.922343
147	NC	31.840079
148	NC	82.029801
149	NC	46932.569027
150	NC	64028.611499
151	NC	66.516274
152	NC	110.616068
153	NC	501.176464
154	NC	1500.021475
155	NC	601.633910
156	NC	49.412721
157	NC	51433.638677
158	NC	2806.571503
159	NC	150.266233
160	NC	16456.338758
161	NC	72.167854
162	NC	988.197175
163	NC	6.275060
164	NC	158.216580
165	NC	829.460197
166	NC	7.674392
167	NC	39.975329
168	NC	111.342251
169	NC	11996.548945
170	NC	4900.349366
171	NC	1872.984327
172	NC	17317.144492
173	NC	12008.560297
174	NC	63.474064
175	NC	41.905722
176	NC	11965.662352
177	NC	3439.563719
178	NC	197.575580
179	NC	8336.077465
180	NC	35.106052
181	NC	177451.074448
182	NC	14479.654655
183	NC	227564.147001
184	NC	136.420473
185	NC	76.083697
186	NC	842.799721
187	NC	3991.222437
188	NC	138315.806583
189	NC	355.268729
190	NC	4185.259604
191	NC	291.970653
192	NC	99.768888
193	NC	163.367056
194	NC	48.693120
195	NC	147.949908
196	NC	118.403985
197	NC	69.073436
198	NC	196604.004916
199	NC	64.349260
200	NC	30.662372
201	NC	60.544929
202	NC	32.092603
203	NC	9689.458558
204	NC	147.911418
205	NC	38.591828
206	NC	43.300193
207	NC	35.270615
208	NC	54.532964
209	NC	96.655617
210	NC	5745.842061
211	NC	38.858322
212	NC	406.439547
213	NC	2268.493662
214	NC	165.033673
215	NC	1061.365154
216	NC	162.316130
217	NC	630.295221
218	NC	90.510179
219	NC	127.626503
220	NC	118.907925
221	NC	127.920997
222	NC	1346.512608
223	NC	119.433773
224	NC	88.122181
225	NC	71.300921
226	NC	63.176531
227	NC	572.723619
228	NC	106.404494
229	NC	68.272473
230	NC	123.351704
231	NC	247.451023
232	NC	177.244987
233	NC	1372.374864
234	NC	54.554595
235	NC	284.087879
236	NC	4674.833631
237	NC	388.297617
238	NC	36.933361
239	NC	169.710807
240	NC	135.673313
241	NC	214.953052
242	NC	282.878730
243	NC	195.924777
244	NC	591.659823
245	NC	202.698095
246	NC	66.605587
247	NC	91.887051
248	NC	87.091476
249	NC	81.026157
250	NC	125.405809
251	NC	211.252633
252	NC	47.763334
253	NC	120.813824
254	NC	379.522197
255	NC	36.216369
256	NC	320.227046
257	NC	470.531074
258	NC	2628.931533
259	NC	1008.793452
260	NC	532.353015
261	NC	66.181949
262	NC	85.427787
263	NC	318.345339
264	NC	259.269851
265	NC	45.838235
266	NC	153.453147
267	NC	420.260521
268	NC	142.944119
269	NC	225.304347
270	NC	257.279989
271	NC	199.999344
272	NC	889.519991
273	NC	157.058494
274	NC	1156.416466
275	NC	114.986551
276	NC	40.167722
277	NC	542.731319
278	NC	126.992502
279	NC	580.517246
280	NC	67.908127
281	NC	58.594279
282	NC	808.133050
283	NC	193.946574
284	NC	49.169317
285	NC	225.168926
286	NC	125.795212
287	NC	98.273745
288	NC	121.699408
289	NC	244.202051
290	NC	158.442557
291	NC	247.737195
292	NC	99.647537
293	NC	300.645814
294	NC	34.729095
295	NC	1198.645754
296	NC	298.442559
297	NC	27.407911
298	NC	26.782348
299	NC	177.016924
300	NC	128.412866
301	NC	49.074137
302	NC	598.964030
303	NC	187.962811
304	NC	822.993917
305	NC	78.000059
306	NC	43.784851
307	NC	191.958064
308	NC	304.060010
309	NC	3634.540547
310	NC	54.641334
311	NC	121.561587
312	NC	316.382105
313	NC	110.713723
314	NC	348.016241
315	NC	70.710813
316	NC	562.135890
317	NC	348.607822
318	NC	52.661862
319	NC	130.997637
320	NC	64.796928
321	NC	157.214617
322	NC	248.588470
323	NC	38.972493
324	NC	268.264796
325	NC	98.030030
326	NC	724.179716
327	NC	78.414816
328	NC	195.525880
329	NC	69.130237
330	NC	153.730511
331	NC	858.426582
332	NC	626.638522
333	NC	159.162808
334	NC	37.199495
335	NC	632.293402
336	NC	136.780779
337	NC	597.330425
338	NC	419.322585
339	NC	171.447187
340	NC	443.751636
341	NC	4103.049746
342	NC	108.305873
343	NC	829.104416
344	NC	17282.387378
345	NC	2203.652304
346	NC	325.400910
347	NC	5816.563974
348	NC	71.203550
349	NC	872.366488
350	NC	151.282322
351	NC	27167.704071
352	NC	1819.261920
353	NC	598.077407
354	NC	82.340318
355	NC	102.449141
356	NC	5.806473
357	NC	53.887343
358	NC	1188.302999
359	NC	244.786199
360	NC	1991.158263
361	NC	10255.415593
362	NC	1747.965398
363	NC	117.489083
364	NC	8479.804615
365	NC	43.037718
366	NC	1902.573174
367	NC	5922.759256
368	NC	663.321533
369	NC	113331.432596
370	NC	870.569450
371	NC	190.000463
372	NC	884.715866
373	NC	63.682159
374	NC	52726.617761
375	NC	12304.760806
376	NC	325.880878
377	NC	242.020296
378	NC	326.687931
379	NC	208.645502
380	NC	1733.135974
381	NC	786.902971
382	NC	1887.820003
383	NC	6.295911
384	NC	6872.060148
385	NC	55634.183179
386	NC	846.724411
387	NC	24.277358
388	NC	5678.625679
389	NC	28.561996
390	NC	1682.626907
391	NC	42.986549
392	NC	319.726611
393	NC	1425.886936
394	NC	229.630937
395	NC	5.640849
396	NC	157.435680
397	NC	13447.393339
398	NC	5295.917607
399	NC	1470.653162
400	NC	112173.777366
401	NC	405.053076
402	NC	146361.512846
403	NC	48.165320
404	NC	1530.363876
405	NC	105118.675737
406	NC	194.868880
407	NC	2335.732613
408	NC	5100.869027
409	NC	7441.155861
410	NC	211247.739843
411	NC	335.317215
412	NC	2501.320792
413	NC	125144.531811
414	NC	37.349910
415	NC	143510.324555
416	NC	5963.147442
417	NC	358.463452
418	NC	3341.514015
419	NC	60.384188
420	NC	137.207683
421	NC	1202.859763
422	NC	372.102090
423	NC	163.372902
424	NC	20978.795171
425	NC	288.965025
426	NC	3104.077132
427	NC	2240.250615
428	NC	1313.497539
429	NC	351.475261
430	NC	1845.249635
431	NC	129.878759
432	NC	74.789369
433	NC	17.175202
434	NC	59.133450
435	NC	64.625354
436	NC	92.415797
437	NC	63.147921
438	NC	45.773626
439	NC	254.747468
440	NC	57.759469
441	NC	55.959422
442	NC	56.549180
443	NC	47.272501
444	NC	15.707619
445	NC	44.581479
446	NC	64.264318
447	NC	58.658642
448	NC	50.155514
449	NC	5.714577
450	NC	61.958414
451	NC	33.194895
452	NC	53.301222
453	NC	33.456748
454	NC	301.217665
455	NC	15.079750
456	NC	49.224928
457	NC	56.383579
458	NC	53.510584
459	NC	72.984370
460	NC	60.379541
461	NC	94.647801
462	NC	82.956703
463	NC	17.055339
464	NC	39.039045
465	NC	68.150667
466	NC	40.460345
467	NC	73.344387
468	NC	285528.565760
469	NC	215115.698344
470	NC	852.086958
471	NC	95.037662
472	NC	1481.511896
473	NC	3800.839107
474	NC	6216.977763
475	NC	1265.221640
476	NC	71973.125748
477	NC	110.160252
478	NC	1475.611853
479	NC	64769.474617
480	NC	183089.246371
481	NC	69.969279
482	NC	110520.617464
483	NC	169.825900
484	NC	94320.451377
485	NC	38835.576555
486	NC	251343.336305
487	NC	4644.006154
488	NC	2459.354475
489	NC	15930.995318
490	NC	152.546406
491	NC	22.072019
492	NC	2332.508130
493	NC	26.138742
494	NC	68.041484
495	NC	75.392059
496	NC	59.585450
497	NC	54.742224
498	NC	60.236671
499	NC	600413.087821
500	NC	50.607232
501	NC	203.080882
502	NC	600536.818265
503	NC	61.792128
504	NC	62.913317
505	NC	114.093249
506	NC	138.925092
507	NC	26.526410
508	NC	269.526581
509	NC	37.218390
510	NC	167936.756765
511	NC	43.787384
512	NC	38385.812700
513	NC	41.408796
514	NC	1101.772745
515	NC	59.832277
516	NC	25.852069
517	NC	169338.776322
518	NC	49.347711
519	NC	549.550245
520	NC	67511.989336
521	NC	101746.216312
522	NC	350453.816424
523	NC	28.622773
524	NC	44438.587760
525	NC	31988.912622
526	NC	330430.895759
527	NC	52936.612325
528	NC	1559.881455
529	NC	87520.696559
530	NC	45.673652
531	NC	205780.447323
532	NC	62498.107438
533	NC	598.663768
534	NC	220309.622684
535	NC	35.303350
536	NC	70381.359190
537	NC	58.722919
538	NC	32.171499
539	NC	36.743990
540	NC	7.191774
541	NC	5.408076
542	NC	8.670928
543	NC	31.012882
544	NC	7.474768
545	NC	6.251459
546	NC	7.234935
547	NC	28.016344
548	NC	95.691834
549	NC	24.756611
550	NC	27.670808
551	NC	46.452505
552	NC	56.513713
553	NC	33.403008
554	NC	4347.810219
555	NC	600582.937017
556	NC	91921.446593
557	NC	5315.083053
558	NC	530.357893
559	NC	2252.954994
560	NC	299.134715
561	NC	2302.933963
562	NC	600690.547184
563	NC	82.557972
564	NC	178655.235592
565	NC	33452.257504
566	NC	225056.916990
567	NC	27796.768713
568	NC	94408.707618
569	NC	453527.585922
570	NC	9043.191197
571	NC	9293.430998
572	NC	9041.414626
573	NC	9274.889844
574	NC	9081.321715
575	NC	9237.118863
576	NC	9081.126072
577	NC	9238.519985
578	NC	67499.926982
579	NC	28838.842571
580	NC	62.724886
581	NC	17869.324308
582	NC	24729.842802
583	NC	122.068884
584	NC	45.010286
585	NC	3422.952036
586	NC	174.736205
587	NC	147.363391
588	NC	900.090489
589	NC	48188.806451
590	NC	50.524612
591	NC	83.459705
592	NC	542.861305
593	NC	90.474833
594	NC	600891.483205
595	NC	435918.921129
596	NC	172.730290
597	NC	17824.102306
598	NC	2274.485891
599	NC	4121.662322
600	NC	34376.958260
601	NC	42.761220
602	NC	55.127618
603	NC	479.994584
604	NC	116.200319
605	NC	27.207719
606	NC	13.345336
607	NC	73.522262
608	NC	849.411455
609	NC	49.807737
610	NC	18.735379
611	NC	16.132879
612	NC	16.448664
613	NC	982.144217
614	NC	2018.084945
615	NC	55.603577
616	NC	169.963669
617	NC	18.932291
618	NC	42.677347
619	NC	600321.390335
620	NC	1058.456334
621	NC	15778.048267
622	NC	9400.758487
623	NC	1447.665679
624	NC	20.863712
625	NC	4400.844704
626	NC	40.638907
627	NC	923.989842
628	NC	24357.748779
629	NC	37.184474
630	NC	2577.289603
631	NC	20.894903
632	NC	14.563365
633	NC	72.694042
634	NC	38.483634
635	NC	65.360388
636	NC	4291.554393
637	NC	620.037193
638	NC	43.347389
639	NC	3284.587884
640	NC	42.451675
641	NC	E
642	NC	55.988625
643	NC	4385.849318
644	NC	43.131567
645	NC	29.366103
646	NC	12.482483
647	NC	64.769929
648	NC	33.294354
649	NC	17017.199111
650	NC	65.612122
651	NC	32.445391
652	NC	41.414208
653	NC	19.380678
654	NC	8158.910442
655	NC	76.342618
656	NC	49.927140
657	NC	1048.328710
658	NC	37.034411
659	NC	35.820332
660	NC	33.707799
661	NC	40.405981
662	NC	38.973592
663	NC	105.629451
664	NC	132.165429
665	NC	41.913915
666	NC	42.229001
667	NC	22657.371027
668	NC	8530.077086
669	NC	3655.912410
670	NC	36.021216
671	NC	13.260175
672	NC	2669.142681
673	NC	8829.479656
674	NC	4354.844064
675	NC	29.635588
676	NC	46.028980
677	NC	36.042376
678	NC	21.160297
679	NC	14.448803
680	NC	97.464743
681	NC	63.817173
682	NC	56.054955
683	NC	17.980376
684	NC	236.134222
685	NC	660.177503
686	NC	53.689788
687	NC	70.106411
688	NC	2822.781652
689	NC	4145.093108
690	NC	4364.829012
691	NC	13604.668516
692	NC	31.555967
693	NC	47.174737
694	NC	28.068833
695	NC	39.600980
696	NC	689.535867
697	NC	70.027630
698	NC	1523.122107
699	NC	435.286225
700	NC	33.475356
701	NC	245.482396
702	NC	788.383562
703	NC	10085.506367
704	NC	27488.693928
705	NC	582.819420
706	NC	38.919350
707	NC	67.659063
708	NC	63.788504
709	NC	297.685944
710	NC	9716.569979
711	NC	17.722813
712	NC	22.762941
713	NC	172.651353
714	NC	27.829570
715	NC	21.316248
716	NC	10687.033481
717	NC	151.583059
718	NC	51.164570
719	NC	37.077171
720	NC	37.513859
721	NC	41.083002
722	NC	74.677763
723	NC	66.810641
724	NC	307.415002
725	NC	647.042503
726	NC	42.440426
727	NC	3144.480277
728	NC	5184.851293
729	NC	728.449428
730	NC	191.287392
731	NC	676.160701
732	NC	42.034548
733	NC	25.926050
734	NC	318.337901
735	NC	54544.346058
736	NC	327.740436
737	NC	43.182636
738	NC	48.064683
739	NC	600712.797716
740	NC	94.593551
741	NC	2442.397759
742	NC	443.791787
743	NC	6843.313508
744	NC	673.631843
745	NC	36.978359
746	NC	36.759586
747	NC	3133.455776
748	NC	28.323866
749	NC	137.713373
750	NC	89.626741
751	NC	90.572629
752	NC	38.509930
753	NC	60.470860
754	NC	15.838216
755	NC	64.824706
756	NC	64.618611
757	NC	8111.155145
758	NC	76.427992
759	NC	59.329292
760	NC	498558.280188
761	NC	169.816549
762	NC	43.969164
763	NC	2320.513373
764	NC	3087.021769
765	NC	142.738730
766	NC	10416.087681
767	NC	246.973036
768	NC	66.846064
769	NC	30.353612
770	NC	793.096383
771	NC	10633.210797
772	NC	9882.106868
773	NC	E
774	NC	55.726205
775	NC	50.019125
776	NC	36.782473
777	NC	47.477311
778	NC	49.602178
779	NC	1059.944658
780	NC	23.995380
781	NC	17.118630
782	NC	1023.088550
783	NC	1317.570818
784	NC	34.832440
785	NC	10915.609756
786	NC	13487.339803
787	NC	184.697399
788	NC	34.994202
789	NC	9777.501304
790	NC	158.953147
791	NC	19.315086
792	NC	7437.978713
793	NC	68.916098
794	NC	519.936030
795	NC	19.591981
796	NC	18.134466
797	NC	21.551996
798	NC	13416.911904
799	NC	2083.051599
800	NC	837.308867
801	NC	12.315644
802	NC	71.489502
803	NC	74.431372
804	NC	4718.786842
805	NC	E
806	NC	9973.129189
807	NC	2937.633649
808	NC	28.095346
809	NC	272.619730
810	NC	32553.464008
811	NC	197989.680493
812	NC	97.890643
813	NC	335.235807
814	NC	32.070853
815	NC	19.446149
816	NC	29.513018
817	NC	68.818774
818	NC	1047.641877
819	NC	2023.267215
820	NC	34.540033
821	NC	191.248172
822	NC	37.774519
823	NC	11148.779897
824	NC	290.494366
825	NC	440.744571
826	NC	65341.997217
827	NC	400.274055
828	NC	38.555938
829	NC	24.498041
830	NC	12.198864
831	NC	10231.342038
832	NC	10445.492948
833	NC	15396.536649
834	NC	196.577294
835	NC	34.518649
836	NC	196.433391
837	NC	55.326147
838	NC	17.812679
839	NC	37.293945
840	NC	55.579972
841	NC	64.346919
842	NC	165.929821
843	NC	584.769019
844	NC	60.122717
845	NC	10.516347
846	NC	10113.873026
847	NC	E
848	NC	34.846304
849	NC	29.649916
850	NC	38.565156
851	NC	22.445836
852	NC	16.189422
853	NC	103.587515
854	NC	1131.692950
855	NC	219.853741
856	NC	967.952677
857	NC	59.235362
858	NC	25.908024
859	NC	743.115101
860	NC	18250.093271
861	NC	586.852154
862	NC	285.769188
863	NC	292.718943
864	NC	289.643273
865	NC	55.402036
866	NC	154.904339
867	NC	1134.179764
868	NC	114.372943
869	NC	59.568795
870	NC	140.260926
871	NC	6069.254965
872	NC	22613.106509
873	NC	600960.561003
874	NC	465484.477193
875	NC	29.946305
876	NC	206.894397
877	NC	415.380369
878	NC	99.390598
879	NC	236.878792
880	NC	13513.986657
881	NC	47.386945
882	NC	16.749651
883	NC	533.855946
884	NC	6811.016674
885	NC	600627.376160
886	NC	458.975150
887	NC	9529.640104
888	NC	67015.307912
889	NC	10522.554682
890	NC	600617.167530
891	NC	248.320760
892	NC	103.422105
893	NC	1723.876929
894	NC	14962.586202
895	NC	10901.478194
896	NC	70.829947
897	NC	43.311671
898	NC	5634.730896
899	NC	1289.394815
900	NC	89.013671
901	NC	1580.341627
902	NC	697.800716
903	NC	52.417690
904	NC	30.186637
905	NC	121.885153
906	NC	803.897975
907	NC	9987.684711
908	NC	30167.631253
909	NC	80.432612
910	NC	81.044652
911	NC	37.409525
912	NC	95.403355
913	NC	15.700234
914	NC	43.645636
915	NC	23.811526
916	NC	97.674300
917	NC	1390.428522
918	NC	73.931467
919	NC	77.800370
920	NC	80.434132
921	NC	81.617561
922	NC	71.415505
923	NC	100.017190
924	NC	32392.055346
925	NC	10185.345151
926	NC	353.043446
927	NC	46.336031
928	NC	24.715040
929	NC	198.217559
930	NC	47.493600
931	NC	E
932	NC	159.085695
933	NC	379.757049
934	NC	23.855356
935	NC	18.290526
936	NC	156.323101
937	NC	78.426440
938	NC	30.393993
939	NC	286.271646
940	NC	295.682728
941	NC	282.371532
942	NC	210.351866
943	NC	37.029090
944	NC	53.851111
945	NC	2306.581957
946	NC	62.274639
947	NC	28.678603
948	NC	39.141514
949	NC	40.664969
950	NC	59.620345
951	NC	33.866319
952	NC	63.481978
953	NC	10728.797669
954	NC	96.108266
955	NC	116.924963
956	NC	155.394966
957	NC	64663.322415
958	NC	715.240330
959	NC	26318.828978
960	NC	2974.573539
961	NC	26.502898
962	NC	1368.600468
963	NC	2182.259331
964	NC	10166.148632
965	NC	E
966	NC	10148.548376
967	NC	25.595174
968	NC	74.098129
969	NC	1434.238400
970	NC	72.005066
971	NC	485.493840
972	NC	729.993588
973	NC	22.744359
974	NC	160.971206
975	NC	10277.567397
976	NC	9910.303620
977	NC	12850.557454
978	NC	6691.599199
979	NC	6429.953242
980	NC	41.784327
981	NC	65.490881
982	NC	362.732832
983	NC	52.451459
984	NC	25.680475
985	NC	21845.686238
986	NC	10517.375158
987	NC	881.127356
988	NC	161645.815451
989	NC	12079.507542
990	NC	12764.000576
991	NC	56.023447
992	NC	101.826109
993	NC	705.701556
994	NC	1486.394425
995	NC	13589.762135
996	NC	67.794519
997	NC	20.989590
998	NC	75.509373
999	NC	47.745182
1000	NC	34.189574
