1	94	0.829213
2	1	0.073681
3	122	0.889184
4	1	0.029230
5	220	1.421232
6	0	0.011730
7	0	0.011311
8	49	0.482357
9	0	0.009300
10	3	0.012691
11	2	0.035670
12	3	0.045731
13	1	0.022410
14	7	0.063301
15	45	0.381806
16	170	0.630060
17	0	0.009840
18	3	0.044851
19	1	0.027751
20	31752	83.658947
21	255	1.585125
22	399	2.069451
23	2	0.028681
24	14	0.148412
25	0	0.012200
26	0	0.013591
27	3	0.040960
28	10813	22.791848
29	13	0.112091
30	15	0.110902
31	675	3.458533
32	0	0.012950
33	2006	6.902295
34	37	0.274994
35	23	0.175663
36	1	0.023870
37	28550	48.706064
38	0	0.016750
39	1	0.026731
40	0	0.052891
41	0	0.018170
42	33769	77.095107
43	1172	4.690901
44	116	0.586529
45	54	0.346355
46	8	0.056661
47	0	0.014880
48	53	0.311245
49	0	0.009360
50	0	0.012821
51	0	0.011020
52	0	0.006780
53	0	0.010060
54	19744	32.332584
55	3	0.032910
56	7	0.069091
57	1	0.021080
58	5	0.050061
59	145	0.888173
60	1	0.024700
61	0	0.010730
62	1	0.023301
63	121	0.771442
64	43	0.285094
65	107	0.519208
66	4	0.042931
67	32	0.217073
68	0	0.010980
69	29689	86.213617
70	0	0.024220
71	2189	2.012670
72	27	0.076551
73	1000000	1255.267055
74	0	0.024580
75	1	0.036461
76	0	0.017790
77	2351	9.794030
78	6	0.081352
79	1017	4.336506
80	1	0.033581
81	0	0.011610
82	5801	14.903808
83	90	0.608809
84	0	0.014430
85	5	0.055740
86	0	0.012761
87	1135	4.997466
88	118	0.745771
89	0	0.014350
90	92	0.510098
91	4	0.049470
92	1	0.022130
93	0	0.006230
94	0	0.011690
95	659	2.355566
96	0	0.006141
97	8	0.077691
98	16	0.117502
99	0	0.010360
100	1	0.020820
101	705	3.476283
102	3	0.031091
103	1	0.022020
104	56	0.340206
105	0	0.013110
106	0	0.011710
107	12	0.066881
108	759	3.435153
109	0	0.009290
110	169	0.742251
111	1	0.020811
112	0	0.012680
113	8664	10.930897
114	620	1.600565
115	2	0.022990
116	0	0.010320
117	0	0.008290
118	5	0.048380
119	16	0.122372
120	10638	37.611994
121	3	0.040700
122	46	0.174703
123	54	0.361706
124	0	0.011350
125	2	0.028980
126	0	0.010650
127	0	0.012890
128	1	0.023490
129	0	0.011240
130	6	0.060371
131	0	0.011361
132	20	0.048580
133	0	0.007660
134	94	0.863113
135	0	0.027570
136	9	0.122432
137	51	0.414457
138	1	0.026460
139	1	0.021090
140	3	0.046250
141	0	0.013190
142	0	0.010020
143	1	0.024330
144	463	1.845298
145	331	1.698676
146	4	0.047410
147	0	0.011511
148	0	0.014090
149	2977	12.513211
150	6266	21.360296
151	0	0.014671
152	3	0.044980
153	26	0.175703
154	57	0.374146
155	38	0.266004
156	1	0.022960
157	7730	18.510092
158	144	0.642620
159	8	0.078841
160	821	3.597855
161	1	0.025981
162	46	0.302825
163	0	0.012250
164	8	0.074011
165	44	0.258844
166	0	0.006130
167	0	0.008780
168	1	0.022321
169	1941	6.050622
170	127	0.760932
171	53	0.282804
172	1082	5.169989
173	2310	5.187459
174	1	0.020650
175	0	0.010300
176	365	1.694706
177	92	0.532238
178	4	0.046161
179	524	2.521109
180	0	0.010930
181	19185	65.209526
182	1092	2.742532
183	46992	108.381105
184	5	0.070051
185	0	0.015090
186	35	0.191433
187	112	0.719631
188	17858	60.607355
189	19	0.072381
190	344	1.359561
191	22	0.169712
192	3	0.039241
193	0	0.014900
194	0	0.012291
195	1	0.023500
196	10	0.067061
197	1	0.025681
198	54112	116.883294
199	4	0.062861
200	0	0.016180
201	3	0.039841
202	1	0.024600
203	1224	5.975241
204	1	0.035280
205	1	0.020970
206	1	0.026900
207	0	0.008320
208	0	0.013470
209	3	0.038301
210	428	1.658846
211	2	0.030110
212	27	0.221914
213	99	0.809452
214	20	0.193213
215	52	0.444657
216	15	0.139622
217	181	1.362531
218	6	0.066951
219	2	0.027781
220	6	0.048781
221	2	0.024570
222	64	0.460097
223	4	0.034151
224	4	0.046311
225	7	0.063351
226	3	0.030720
227	37	0.259864
228	3	0.037041
229	5	0.042221
230	47	0.367145
231	8	0.020451
232	47	0.359745
233	77	0.477317
234	4	0.029871
235	15	0.123592
236	230	1.410152
237	134	0.855923
238	1	0.012940
239	22	0.171143
240	2	0.023610
241	46	0.351566
242	19	0.134632
243	14	0.080591
244	154	0.936904
245	3	0.022401
246	5	0.036170
247	31	0.228724
248	19	0.120882
249	3	0.017280
250	5	0.044581
251	51	0.336875
252	2	0.025771
253	36	0.234713
254	9	0.043471
255	6	0.036961
256	48	0.307004
257	4	0.029141
258	719	3.657936
259	71	0.406596
260	46	0.233154
261	12	0.079861
262	3	0.020960
263	54	0.317124
264	3	0.037491
265	4	0.029341
266	6	0.037300
267	3	0.028501
268	16	0.106552
269	34	0.227303
270	20	0.121062
271	7	0.041541
272	115	0.634450
273	20	0.147102
274	233	1.045186
275	2	0.020990
276	2	0.016041
277	143	0.751661
278	5	0.036391
279	135	0.758581
280	3	0.028521
281	9	0.065541
282	207	0.690900
283	37	0.245143
284	2	0.021081
285	12	0.064991
286	28	0.156562
287	4	0.023351
288	3	0.021750
289	9	0.068371
290	11	0.070001
291	20	0.126422
292	4	0.030111
293	131	0.694721
294	2	0.019220
295	213	1.200038
296	21	0.106762
297	4	0.030721
298	4	0.033720
299	41	0.253324
300	20	0.123752
301	1	0.010240
302	12	0.065121
303	39	0.222364
304	116	0.484277
305	3	0.020491
306	2	0.020800
307	49	0.277964
308	7	0.042721
309	173	0.933814
310	11	0.086032
311	11	0.084071
312	7	0.051941
313	12	0.093831
314	28	0.152253
315	5	0.040740
316	234	0.921225
317	27	0.125932
318	11	0.069551
319	18	0.120032
320	2	0.014870
321	4	0.034881
322	13	0.074441
323	3	0.026000
324	33	0.190993
325	19	0.114482
326	41	0.216573
327	5	0.038931
328	3	0.016850
329	7	0.038541
330	33	0.209103
331	47	0.295485
332	27	0.176723
333	13	0.091931
334	6	0.035061
335	37	0.207293
336	6	0.030731
337	140	0.732971
338	96	0.530048
339	53	0.277194
340	12	0.143843
341	119	0.953854
342	3	0.051931
343	20	0.224603
344	2393	8.244326
345	84	0.640319
346	7	0.094702
347	175	1.310020
348	2	0.038651
349	28	0.254324
350	4	0.044380
351	766	5.236270
352	53	0.436367
353	18	0.174333
354	2	0.027690
355	5	0.042831
356	7	0.039521
357	32	0.234923
358	37	0.339436
359	7	0.087291
360	85	0.586469
361	298	1.736817
362	60	0.421796
363	3	0.039191
364	705	2.354916
365	1	0.024670
366	104	0.427757
367	187	1.161168
368	22	0.208723
369	20698	42.376287
370	29	0.220284
371	5	0.070611
372	48	0.260524
373	1	0.025060
374	2157	10.452220
375	361	2.295925
376	15	0.122832
377	8	0.093581
378	7	0.075812
379	9	0.078581
380	51	0.424406
381	24	0.238494
382	136	0.731041
383	3	0.035191
384	220	1.452282
385	4610	14.779946
386	23	0.252874
387	1	0.031490
388	175	1.293010
389	0	0.006680
390	63	0.449137
391	0	0.009120
392	13	0.101831
393	75	0.416716
394	10	0.116641
395	0	0.004200
396	4	0.061860
397	1166	5.274500
398	181	1.355451
399	132	0.768862
400	6243	20.033436
401	38	0.255974
402	16307	30.937912
403	0	0.006880
404	88	0.519708
405	6813	25.871735
406	6	0.085481
407	884	1.478282
408	159	1.290950
409	586	2.287025
410	33303	67.473290
411	31	0.379696
412	792	2.922005
413	6918	36.147032
414	0	0.023451
415	7694	26.666837
416	558	2.614569
417	21	0.220113
418	608	1.230839
419	1	0.040721
420	6	0.066851
421	37	0.398776
422	18	0.133432
423	7	0.068391
424	1167	4.128993
425	8	0.131642
426	109	0.693991
427	81	0.824683
428	151	1.193468
429	11	0.125782
430	92	0.832683
431	0	0.022511
432	1	0.030400
433	13	0.142502
434	0	0.011741
435	1	0.027420
436	3	0.050771
437	4	0.055581
438	1	0.022760
439	1	0.025731
440	0	0.012940
441	12	0.108742
442	3	0.045510
443	1	0.021441
444	1	0.024120
445	1	0.021941
446	17	0.162202
447	1	0.023671
448	5	0.067201
449	1	0.017330
450	9	0.102992
451	1	0.022200
452	5	0.063171
453	0	0.012130
454	76	0.483058
455	0	0.012540
456	0	0.011920
457	0	0.013481
458	0	0.010990
459	3	0.045641
460	1	0.016530
461	1	0.022260
462	0	0.007340
463	0	0.011970
464	1	0.023670
465	0	0.014690
466	0	0.012081
467	0	0.025590
468	4530	96.033666
469	542	5.666006
470	98	1.047536
471	0	0.022500
472	0	0.461217
473	12	0.117731
474	656	3.551495
475	178	0.494427
476	4223	21.045002
477	0	0.048981
478	1252	1.661485
479	2419	46.606742
480	18487	137.616381
481	0	0.026310
482	1	0.879614
483	44	0.337525
484	0	1.429222
485	6289	68.194161
486	5779	101.287457
487	0	1.501113
488	0	0.150723
489	0	0.018030
490	1	0.061191
491	0	0.013520
492	0	0.019151
493	2	0.068101
494	1	0.036560
495	1	0.040310
496	1	0.030891
497	1	0.034150
498	1	0.048411
499	33165	287.521350
500	1	0.077561
501	2	0.132522
502	0	15.593808
503	1	0.088721
504	1	0.058201
505	1	0.057991
506	2	0.100781
507	1	0.058901
508	2	0.082712
509	0	0.031900
510	60	39.826518
511	0	0.025530
512	25	2.760102
513	0	738.838281
514	335	777.508762
515	0	0.037990
516	0	0.017041
517	10	0.133502
518	1	669.496133
519	19057	390.718106
520	7036	837.969045
521	1	6.790244
522	11697	295.593604
523	1	666.469307
524	131540	781.638235
525	131697	408.058941
526	1000000	3203.508347
527	39524	154.848815
528	1057	8.109744
529	1000000	2765.265019
530	1	0.033521
531	773768	3905.229809
532	1000000	2665.310375
533	2546	17.206873
534	1000000	3703.020206
535	91	0.956685
536	271265	1223.878923
537	1	0.143332
538	1	0.075872
539	1	0.058981
540	1	0.034630
541	1	0.021811
542	1	0.038880
543	1	0.079441
544	1	0.030180
545	1	0.023550
546	1	0.029140
547	0	0.007370
548	7	0.325425
549	0	0.030091
550	0	0.032450
551	3	0.132302
552	0	0.032241
553	0	0.021780
554	12690	41.808209
555	1000000	2756.229199
556	274037	1553.209494
557	177	1.088827
558	613	6.215745
559	230	39.953041
560	17	7.104019
561	16116	101.956547
562	141355	1095.860299
563	47	1.108557
564	6758	128.060186
565	875	19.203014
566	5617	78.062222
567	707	14.235597
568	2651	43.336602
569	1000000	2237.463407
570	1000000	2220.955696
571	1000000	2193.086262
572	1000000	2202.034039
573	1000000	2206.218824
574	1000000	2198.496286
575	1000000	2196.304574
576	1000000	2196.350325
577	1000000	2193.840809
578	1397	38699.966783
579	31	19359.135452
580	0	7504.943399
581	10	20680.791514
582	347	7269.329620
583	48	18713.070684
584	0	0.045350
585	2115	1169.971408
586	79	7931.091545
587	4514	124.225590
588	96	293771.223107
589	83883	1583.694110
590	174	1077.085667
591	0	933.421459
592	6405	761.724398
593	106	1025.792567
594	1000000	4487.590593
595	0	1212.220274
596	1131	21.339698
597	1000000	1231.440413
598	190	1043.171601
599	278424	3080.621432
600	330715	3006.397203
601	0	77.592159
602	0	0.293686
603	1	1.619641
604	0	0.034121
605	0	0.009430
606	0	1.058440
607	0	1.990428
608	4	22.627011
609	1	0.026750
610	0	0.015921
611	2	0.027760
612	1	0.020181
613	213	69.757339
614	3828	165.855289
615	473	8.503012
616	191	9.078813
617	0	0.040761
618	0	2197.622312
619	1000000	6150.639633
620	63145	366.617325
621	503279	1041.159946
622	217	11.434987
623	25696	71.574520
624	289	13.075398
625	162	129.576581
626	0	1.708342
627	143	58.080953
628	1000000	7647.944594
629	0	0.105192
630	273881	1641.177107
631	6	0.091572
632	0	0.012341
633	897	5.113497
634	3	383.029933
635	0	0.395317
636	7601	295.272862
637	39	34.595165
638	0	3.127099
639	44705	465.254988
640	0	0.049761
641	0	0.021780
642	132	859.612742
643	134847	1232.723656
644	456	6.328900
645	0	0.031581
646	1	0.053821
647	170	1093.369303
648	4	0.131243
649	1000000	2269.171533
650	0	5522.663749
651	4	5443.735808
652	0	0.040931
653	2	0.121382
654	59226	2488.349577
655	19	0.182554
656	78	3.910813
657	89179	298.550501
658	0	2448.876128
659	1006	12.568737
660	27	0.279405
661	3	4492.585778
662	5	10330.534471
663	656	2.039908
664	14	3779.388564
665	0	0.047701
666	23	26.888963
667	1000000	6167.968217
668	918903	7820.342631
669	134892	924.750931
670	10	0.274565
671	13	0.142493
672	633	475.909961
673	836255	4604.078754
674	362799	4318.740014
675	2	0.111842
676	1	1.026499
677	0	0.018500
678	1	2.566078
679	13	0.191794
680	2765	19.922780
681	0	38.980655
682	0	0.389717
683	0	0.396607
684	341	2644.465017
685	69	5.021724
686	83	20.604663
687	1516	101.686910
688	6	601771.998543
689	774	634.013914
690	61	126.617086
691	106428	2731.854663
692	0	10.054890
693	134	1164.668038
694	1	2.285858
695	0	1.427414
696	249	289.008183
697	270	601969.457781
698	330	601570.878271
699	1	0.057231
700	43	1.486224
701	0	0.209874
702	6308	192.614115
703	1000000	2656.118105
704	1000000	8494.842844
705	558	7.316486
706	179	15280.279694
707	4679	47.476917
708	238	3345.946392
709	1021	47.062351
710	1000000	2034.445448
711	1	0.139772
712	1	968.293674
713	0	20703.241499
714	0	0.042710
715	0	2.416765
716	1000000	1574.074203
717	17	14.485751
718	0	0.036991
719	13	20709.861233
720	1	1053.172239
721	10	4131.026488
722	276	223.593858
723	1	0.084991
724	0	0.008441
725	0	1730.426902
726	0	0.079631
727	2574	5225.917231
728	547569	1620.890630
729	49418	338.486125
730	0	0.046861
731	7335	601045.485607
732	0	0.045810
733	0	0.104392
734	8	128.900381
735	1000000	14766.630419
736	2348	601015.133468
737	12	878.242604
738	84	1.941931
739	232	601664.720869
740	3	2484.769307
741	513	539.302504
742	29968	601007.443416
743	609742	4939.505717
744	67464	303.658792
745	7	25.533302
746	233	4687.147698
747	25401	416.587375
748	115	25.081405
749	2	6.548678
750	0	0.051970
751	0	11994.878078
752	0	23433.098430
753	4680	34.074742
754	4	1.282259
755	0	692.120483
756	152	307199.863396
757	13633	1048.973322
758	731	319554.116213
759	3028	25.004808
760	15	616130.311359
761	0	83.944642
762	0	2457.320112
763	271	120.219679
764	1	1.401532
765	4837	26.062657
766	1000000	2263.390441
767	1	4.731944
768	692	35.074468
769	1	10154.560312
770	1	18.619251
771	34422	1784.030270
772	86198	601164.781470
773	0	0.075241
774	1	601068.504348
775	0	621.429684
776	5	937.958816
777	0	1830.582694
778	0	0.096151
779	88250	944.019461
780	0	1.840399
781	0	1.603635
782	124	498.123468
783	67314	2661.269597
784	0	7305.907777
785	300718	9867.444924
786	17319	4009.320603
787	0	22.313079
788	89	160.942084
789	28724	2317.122717
790	14	383.308966
791	0	2.026741
792	25	608107.844643
793	0	0.071351
794	25668	2844.017286
795	0	0.065361
796	1	0.049861
797	51	1.838608
798	675	178.704877
799	207133	24710.519200
800	2	97617.011442
801	30	2466.154331
802	0	0.081941
803	0	0.034960
804	121680	601001.767461
805	0	0.048960
806	1000000	1971.884686
807	226848	550.270446
808	1	284.100133
809	193	601069.623677
810	1000000	7220.974736
811	0	1.160348
812	33	42.580845
813	2999	25.058146
814	6	9952.694572
815	271	2.254884
816	0	10.348889
817	0	0.029791
818	82580	928.672352
819	84462	963.528829
820	350	7236.178967
821	35	97.576652
822	78	1.958141
823	1000000	7235.200476
824	0	0.072781
825	8588	933.277167
826	151966	7538.421169
827	21	1.123927
828	79	541.727081
829	0	0.050501
830	0	0.025500
831	1000000	3335.061481
832	28370	1096.712367
833	454638	4145.650847
834	15801	156.100694
835	0	4991.929763
836	0	101.623475
837	137	1.239309
838	0	0.095211
839	527	32042.599853
840	761	9.764031
841	0	0.829253
842	1030	601634.757694
843	114	1440.272456
844	0	0.057000
845	0	2.045442
846	1000000	3920.438861
847	0	0.036141
848	363	5.404775
849	464	3.275401
850	363	3.297141
851	34	3773.127240
852	0	0.185762
853	15	4636.935389
854	106	502.619195
855	0	529.951199
856	0	1005.596396
857	930	59.623934
858	0	11225.770360
859	1219	1551.026785
860	201	601275.069192
861	0	17.765120
862	2349	601336.630200
863	3841	562751.742986
864	3841	560551.688161
865	0	24.006322
866	11580	9770.799390
867	0	185.084025
868	9	8.517679
869	0	0.082412
870	813	602326.353642
871	25	603206.913541
872	297	181.552081
873	23361	601000.144202
874	1000000	291379.046031
875	0	0.036561
876	4536	315.647243
877	21723	1959.140336
878	3494	4873.022802
879	3	602400.356376
880	24836	4660.728393
881	0	1122.558085
882	0	0.115202
883	42	384.208572
884	669797	3990.174297
885	1000000	342903.867142
886	516	227.038600
887	1000000	2435.189641
888	1000000	4174.039231
889	1000000	2341.156671
890	1000000	8246.799559
891	7914	19.983968
892	2342	4.796034
893	291	172.285140
894	453	601149.942326
895	1000000	3439.348787
896	3209	23.867840
897	0	1355.045493
898	1066	601298.410539
899	135707	49584.399320
900	2	58.618401
901	378	601110.576633
902	335	603114.056387
903	0	0.067191
904	657	9.843366
905	0	580867.928875
906	662	177.776615
907	27356	601389.031689
908	456497	3771.470104
909	0	9.183007
910	5266	20.796673
911	0	4.557483
912	5839	197.893900
913	0	0.044290
914	86	1116.078736
915	74	24.780507
916	0	0.125512
917	0	0.021011
918	0	0.012670
919	0	0.017090
920	0	0.014371
921	532	601332.261801
922	586	362114.711626
923	0	0.544849
924	1000000	6893.911494
925	1000000	2408.841003
926	37269	203.744942
927	340	601557.446156
928	206	339655.862446
929	17365	7937.103826
930	0	0.044111
931	0	0.036201
932	216	1118.396892
933	27837	601070.271286
934	193	356296.582131
935	13	5.888144
936	30	205.109976
937	5245	224.744280
938	462	11.784838
939	8	4.423971
940	912	179016.347931
941	912	179277.570894
942	23	180.096316
943	48	19.043952
944	0	0.043731
945	50	5.461416
946	0	0.068031
947	0	0.024960
948	0	0.017920
949	0	0.021610
950	0	0.039571
951	807	66583.587504
952	0	0.123072
953	1000000	1879.733398
954	5895	1168.269281
955	8627	1187.329992
956	15	19723.877640
957	92	2723.728457
958	2317	519.017065
959	439448	4075.795766
960	332	601131.471871
961	0	0.094481
962	0	5.214840
963	252	80.089837
964	1000000	3961.991863
965	0	0.044321
966	260882	601849.742767
967	0	2.713773
968	1269	2577.922263
969	5	31504.779209
970	858	201.614904
971	1620	1335.082941
972	1616	601571.049397
973	754	5.889492
974	15707	123.233123
975	76	851.224464
976	54310	1593.775653
977	13158	1587.258471
978	30741	1783.454593
979	7636	1329.519319
980	0	194.506666
981	1	2.036202
982	30197	240.667236
983	1	9.622340
984	0	3.223521
985	488	601160.592684
986	665	601042.163053
987	78583	3377.394020
988	193187	46401.869753
989	776	601293.064731
990	1000000	270680.372282
991	0	22743.463697
992	0	11788.427939
993	0	0.111031
994	122307	106606.509738
995	1000000	5857.943235
996	325	601179.003187
997	88	1.783604
998	0	0.956543
999	0	0.333705
1000	0	0.294064
