698;49700214;600732000000;594272000000
699;36645677;600612000000;591308000000
700;35863027;600740000000;589684000000
701;2024347;35784000000;34536000000
702;3295655;107140000000;104228000000
703;1016291;7044000000;6760000000
704;23;8000000;4000000
705;5938;212000000;192000000
706;414046;12264000000;11904000000
707;56;4000000;4000000
708;7050143;191544000000;187136000000
709;50149631;600696000000;591420000000
710;33467169;600728000000;587756000000
711;4596658;81640000000;79680000000
712;10089284;173964000000;171152000000
713;34830482;600704000000;589244000000
714;2;0;0
715;5267;308000000;256000000
716;23387;832000000;768000000
717;26757012;600720000000;588064000000
718;311464;7904000000;7444000000
719;569346;12844000000;12392000000
720;11750;440000000;432000000
721;2980035;76456000000;74516000000
722;1323002;41412000000;40180000000
723;3975887;72220000000;70812000000
724;2674442;77632000000;75216000000
725;8;0;0
726;84996;3084000000;2952000000
727;696532;21840000000;21320000000
728;7259361;164684000000;160820000000
729;15;0;0
730;1644219;29508000000;28788000000
731;137245;5568000000;5104000000
732;3033;124000000;104000000
733;1599231;40508000000;39492000000
734;3659334;112532000000;109644000000
735;3822987;86084000000;83364000000
736;21964807;600740000000;587436000000
737;24691227;600724000000;587880000000
738;949234;26148000000;25296000000
739;3926322;107508000000;104432000000
740;2521730;66120000000;64220000000
741;13161;648000000;532000000
742;761610;23492000000;22884000000
743;1671263;57632000000;55924000000
744;796428;24164000000;23260000000
745;771676;13764000000;13344000000
746;480682;12228000000;11844000000
747;110;16000000;8000000
748;1051344;21804000000;21536000000
749;103432;2864000000;2800000000
750;636892;10484000000;9896000000
751;39264;1732000000;1452000000
752;2097300;62688000000;61396000000
753;1033124;17568000000;16908000000
754;14895138;418840000000;410140000000
755;554525;19348000000;18752000000
756;1164381;18492000000;17780000000
757;3063058;56492000000;55324000000
758;1409679;31648000000;30528000000
759;16912;640000000;580000000
760;4293;192000000;160000000
761;323065;8388000000;8160000000
762;76405;2944000000;2852000000
763;202527;6864000000;6584000000
764;5008960;72048000000;70496000000
765;1265322;38624000000;37308000000
766;22;8000000;8000000
767;70352;3344000000;3152000000
768;783309;16704000000;16424000000
769;1375583;48384000000;47180000000
770;433028;14760000000;14308000000
771;2484925;79352000000;77120000000
772;16588;708000000;556000000
773;1029704;20888000000;20332000000
774;306780;9688000000;9364000000
775;4783;28000000;24000000
776;413;20000000;16000000
777;102306;2476000000;2340000000
778;53142;2092000000;2036000000
779;1286292;20300000000;19736000000
780;1225909;41592000000;40348000000
781;73132;2176000000;2044000000
782;17457608;518232000000;506896000000
783;105493;4152000000;3780000000
784;6550;204000000;180000000
785;9419;500000000;444000000
786;16172;764000000;744000000
787;30452;988000000;956000000
788;149063;4200000000;4136000000
789;104;12000000;8000000
790;377209;12836000000;12404000000
791;45953;1196000000;1180000000
792;405;20000000;20000000
793;1057461;24852000000;24532000000
794;247949;4988000000;4732000000
795;446067;12620000000;12328000000
796;499741;7064000000;6856000000
797;24268;928000000;912000000
798;13;4000000;4000000
799;24;4000000;0
800;11;4000000;4000000
801;34595;1352000000;1332000000
802;71;8000000;4000000
803;98563;3684000000;3588000000
804;2520538;44408000000;43788000000
805;28;8000000;4000000
806;13030;824000000;580000000
807;576315;18128000000;17576000000
808;16;4000000;4000000
809;16;4000000;4000000
810;12;0;0
811;528465;21292000000;20616000000
812;19961090;480308000000;471104000000
813;3081;272000000;172000000
814;1607;120000000;68000000
815;680052;14072000000;13664000000
816;141984;3164000000;3116000000
817;2006726;68516000000;66392000000
818;179630;8032000000;7628000000
819;124;12000000;12000000
820;1655;84000000;76000000
821;150113;3612000000;3516000000
822;19430075;497756000000;487828000000
823;970133;24032000000;23044000000
824;4434689;154372000000;150540000000
825;41031;1444000000;1328000000
826;19069160;228848000000;224404000000
827;19341438;562596000000;548656000000
828;172137;7008000000;6436000000
829;61525;1276000000;1232000000
830;1670326;30816000000;30164000000
831;1713264;26300000000;25348000000
832;266176;8020000000;7408000000
833;2526106;67412000000;66044000000
834;7171;232000000;192000000
835;234699;5676000000;5444000000
836;1466;64000000;48000000
837;411313;11220000000;10852000000
838;70346;1664000000;1580000000
839;11196;452000000;428000000
840;30306;1196000000;1136000000
841;62;12000000;4000000
842;82;16000000;16000000
843;43652;1064000000;1048000000
844;693;28000000;28000000
845;77287;2576000000;2472000000
846;15531;372000000;356000000
847;2068494;67496000000;66496000000
848;88403;2780000000;2580000000
849;3065;164000000;144000000
850;260;8000000;4000000
851;176;36000000;12000000
852;15109;600000000;592000000
853;626020;19604000000;19496000000
854;574760;20796000000;20216000000
855;69469;1996000000;1804000000
856;582;48000000;40000000
857;27;4000000;4000000
858;805784;13528000000;13064000000
859;866243;16668000000;16368000000
860;1491;64000000;60000000
861;158454;3000000000;2668000000
862;933981;29016000000;28320000000
863;10817;380000000;360000000
864;2485;132000000;120000000
865;154;16000000;8000000
866;184377;4928000000;4804000000
867;4669;164000000;160000000
868;84900;2392000000;2336000000
869;12586;580000000;580000000
870;281719;7584000000;7520000000
871;1243181;30964000000;30552000000
872;3320;92000000;68000000
873;3991;228000000;192000000
874;382;16000000;16000000
875;24111;964000000;640000000
876;10279;500000000;444000000
877;94526;3752000000;3620000000
878;45;4000000;0
879;538470;12552000000;12304000000
880;6;0;0
881;99151;4196000000;4068000000
882;3903;216000000;216000000
883;150737;2876000000;2872000000
884;1493105;23648000000;23560000000
885;133197;4148000000;3868000000
886;13861;532000000;324000000
887;11054;444000000;364000000
888;33970;1692000000;1588000000
889;10;0;0
890;3470;120000000;120000000
891;47014;1664000000;1584000000
892;16941;792000000;764000000
893;623;28000000;24000000
894;444;16000000;16000000
895;11019;356000000;344000000
896;981;48000000;44000000
897;75520;1576000000;1576000000
898;26744;708000000;692000000
899;7832;364000000;352000000
900;59538;2448000000;2388000000
901;9766;484000000;480000000
902;18499841;598556000000;586196000000
903;396347;12708000000;12344000000
904;525375;16224000000;15688000000
905;518859;15824000000;15400000000
906;1832505;25504000000;24960000000
907;16611881;317780000000;311300000000
908;742859;11456000000;11236000000
909;742048;12760000000;12360000000
910;558667;12332000000;11964000000
911;561776;12388000000;12144000000
912;1008;76000000;32000000
913;839242;22468000000;21504000000
914;469088;8912000000;8768000000
915;152169;4484000000;4220000000
916;1136249;19740000000;19168000000
917;620266;6228000000;6116000000
918;993367;12216000000;11964000000
919;997151;13020000000;12652000000
920;509535;11328000000;11056000000
921;100;12000000;8000000
922;31322;1124000000;1004000000
923;30290;1620000000;1444000000
924;18421701;362732000000;356708000000
1002;184339;724000000;688000000
1003;4691808;13112000000;12904000000
1004;1399;12000000;12000000
1005;0;0;0
1006;764;12000000;8000000
1007;144264;556000000;556000000
1008;20;0;0
1009;183;4000000;0
1010;230708;660000000;660000000
1011;54;4000000;4000000
1012;19069110;31772000000;31364000000
1013;4097222;9372000000;9284000000
1014;54;4000000;4000000
1015;0;0;0
1016;233;4000000;0
1017;195693;808000000;796000000
1018;71;0;0
1019;153800;772000000;772000000
1020;198;0;0
1021;211962;896000000;892000000
1022;5674;56000000;56000000
1023;199974;976000000;952000000
1024;156;4000000;4000000
1025;12562;60000000;56000000
1026;206964;688000000;688000000
1027;131;4000000;4000000
1028;258263;1224000000;1208000000
1029;588515;872000000;864000000
1030;339;8000000;4000000
1031;634;12000000;8000000
1032;38580;124000000;124000000
1033;351;4000000;4000000
1034;13692;112000000;112000000
1035;396024;1376000000;1308000000
1036;1382;20000000;16000000
1037;10331;104000000;80000000
1038;157591;540000000;528000000
1039;0;0;0
1040;262144;908000000;828000000
1041;11686;96000000;92000000
1042;1;4000000;4000000
1043;103530;272000000;272000000
1044;357;4000000;4000000
1045;222258;1164000000;1128000000
1046;0;0;0
1047;1335;20000000;20000000
1048;10;0;0
1049;14;0;0
1050;82319;396000000;396000000
1051;3228908;9704000000;9572000000
1052;439921;1508000000;1500000000
1053;865713;2056000000;2056000000
1054;8;0;0
1055;0;4000000;4000000
1056;3842;40000000;40000000
1057;524968;1616000000;1608000000
1058;71037;448000000;448000000
1059;421796;1240000000;1240000000
1060;74;4000000;4000000
1061;4897;40000000;40000000
1062;44786;284000000;284000000
1063;29171;96000000;96000000
1064;239574;1196000000;1196000000
1065;21182;148000000;148000000
1066;1;0;0
1067;1;0;0
1068;2109463;5604000000;5588000000
1069;63;0;0
1070;4619;16000000;16000000
1071;378575;1548000000;1536000000
1072;167373;804000000;780000000
1073;27333;168000000;160000000
1074;20;0;0
1075;751;12000000;12000000
1076;465556;2060000000;2044000000
1077;43647;212000000;204000000
1078;1094276;3512000000;3380000000
1079;37;0;0
1080;309;8000000;8000000
1081;0;0;0
1082;1089;12000000;8000000
1083;9641;40000000;40000000
1084;330614;1216000000;1144000000
1085;19260;148000000;148000000
1086;1;0;0
1087;60;4000000;0
1088;0;0;0
1089;0;0;0
1090;0;0;0
1091;0;0;0
1092;1286260;4268000000;4124000000
1093;0;0;0
1094;0;0;0
1095;0;0;0
1096;1;4000000;0
1097;0;0;0
1098;0;0;0
1099;102;0;0
1100;0;0;0
1101;150;4000000;4000000
1102;0;0;0
1103;62;0;0
1104;67;8000000;4000000
1105;8;0;0
1106;45;0;0
1107;56069;328000000;316000000
1108;167;0;0
1109;922;12000000;12000000
1110;1599;12000000;12000000
1111;341;4000000;4000000
1112;2;0;0
1113;295;4000000;4000000
1114;0;0;0
1115;0;4000000;4000000
1116;0;0;0
1117;20;0;0
1118;559;8000000;8000000
1119;1;0;0
1120;763057;1900000000;1884000000
1121;1128;16000000;16000000
1122;2;0;0
1123;1;0;0
1124;1;0;0
1125;285;4000000;4000000
1126;54622;344000000;344000000
1127;21;4000000;4000000
1128;42;0;0
1129;738071;3096000000;3080000000
1130;210282;1128000000;1124000000
1131;131;0;0
1132;1;0;0
1133;169577;768000000;768000000
1134;2465671;6392000000;6380000000
1135;49395;184000000;180000000
1136;42276;136000000;124000000
1137;29;0;0
1138;4;4000000;4000000
1139;1000;12000000;12000000
1140;33967;160000000;160000000
1141;29;0;0
1142;805;8000000;8000000
1143;249;4000000;4000000
1144;11;0;0
1145;681;8000000;8000000
1146;108;0;0
1147;54;4000000;4000000
1148;89;0;0
1149;733;8000000;8000000
1150;8148;32000000;32000000
1151;25269;140000000;136000000
1152;7;0;0
1153;13846;124000000;124000000
1154;318;4000000;0
1155;3;0;0
1156;299;4000000;4000000
1157;1;0;0
1158;366;8000000;8000000
1159;67585;396000000;396000000
1160;51987;328000000;328000000
1161;35084;188000000;184000000
1162;40;0;0
1163;1;0;0
1164;1;0;0
1165;0;0;0
1166;204;4000000;4000000
1167;25239;112000000;108000000
1168;1;0;0
1169;530395;1848000000;1836000000
1170;473;8000000;8000000
1171;7;4000000;4000000
1172;0;0;0
1173;1420;12000000;12000000
1174;95840;296000000;296000000
1175;7172;72000000;72000000
1176;40;0;0
1177;15528;76000000;76000000
1178;282;4000000;4000000
1179;52516;232000000;232000000
1180;1;0;0
1181;5344;40000000;40000000
1182;14;0;0
1183;38;0;0
1184;114;4000000;4000000
1185;1;0;0
1186;55;0;0
1187;5335;44000000;44000000
1188;2;0;0
1189;23;0;0
1190;222;4000000;4000000
1191;305;4000000;4000000
1192;1542;16000000;16000000
1193;37769;156000000;156000000
1194;1429;16000000;16000000
1195;3;4000000;4000000
1196;6698;68000000;68000000
1197;0;0;0
1198;34;0;0
1199;534;12000000;12000000
1200;56842;288000000;288000000
1201;8890;68000000;68000000
1202;45;4000000;4000000
1203;9296;64000000;64000000
1204;1;0;0
1205;1;0;0
1206;9;0;0
1207;20;0;0
1208;890;8000000;8000000
1209;34897;240000000;240000000
1210;6002;60000000;60000000
1211;7;0;0
1212;1;0;0
1213;338;4000000;4000000
1214;16;0;0
1215;1;0;0
1216;1;0;0
1217;4123;36000000;36000000
1218;35;0;0
1219;27;0;0
1220;42888;188000000;188000000
1221;1511;20000000;16000000
1222;222;4000000;4000000
1223;210;4000000;4000000
1224;133534;740000000;740000000
1225;3600;28000000;28000000
1226;18963;124000000;124000000
1227;17;0;0
1228;277;4000000;4000000
1229;114;4000000;4000000
1230;0;0;0
1231;0;0;0
1232;1491;20000000;20000000
1233;13;0;0
1234;6;0;0
1235;5581;28000000;24000000
1236;38;0;0
1237;84342;272000000;268000000
1238;1341;12000000;12000000
1239;78;0;0
1240;148678;528000000;528000000
1241;50;0;0
1242;320;4000000;4000000
1243;666426;1820000000;1772000000
1244;316590;908000000;900000000
1245;0;0;0
1246;259;4000000;4000000
1247;1;0;0
1248;1;0;0
1249;1051;16000000;12000000
1250;1;0;0
1251;1;0;0
1252;3;0;0
1253;2;0;0
1254;479;12000000;12000000
1255;1;0;0
1256;0;0;0
1257;0;0;0
1258;0;0;0
1259;0;0;0
1260;0;0;0
1261;0;0;0
1262;12912;112000000;112000000
1263;1100;16000000;16000000
1264;150;4000000;4000000
1265;10183;68000000;68000000
1266;2721;32000000;32000000
1267;500;8000000;8000000
1268;269;4000000;4000000
1269;1;0;0
1270;3649;20000000;20000000
1271;654;8000000;8000000
1272;72;0;0
1273;860;8000000;8000000
1274;34;0;0
1275;13;0;0
1276;3394;36000000;36000000
1277;1501;12000000;12000000
1278;24969;132000000;128000000
1279;5;0;0
1280;185;4000000;4000000
1281;70;4000000;4000000
1282;27503;212000000;200000000
1283;27;0;0
1284;215;4000000;0
1285;76;4000000;4000000
1286;13472;124000000;120000000
1287;299485;932000000;928000000
1288;1;0;0
1289;1;4000000;4000000
1290;1;0;0
1291;1;0;0
1292;68;0;0
1293;9;0;0
1294;0;0;0
