0;5557667;600756000000;595408000000
1;33914;600628000000;588036000000
2;22184113;297432000000;291568000000
3;1509142;600608000000;586264000000
4;34033;600620000000;588940000000
5;57;36512000000;35452000000
6;518517;356228000000;350972000000
7;33898;131636000000;128776000000
8;206007;600616000000;587044000000
9;40050697;600660000000;596600000000
10;689387;600584000000;587444000000
11;3631906;257636000000;253336000000
12;44285;600592000000;587672000000
13;57;43392000000;42104000000
14;31054616;600720000000;592136000000
15;7113540;600692000000;591024000000
16;246919;600604000000;587052000000
17;55725858;600656000000;596304000000
18;913548;600580000000;586348000000
19;109184;600600000000;587580000000
20;0;288000000;244000000
21;79738;1544000000;1392000000
22;20238;373484000000;367316000000
23;5335483;600700000000;586516000000
24;18650866;600700000000;590176000000
25;20523760;600716000000;591924000000
26;1450219;64872000000;63220000000
27;73123885;600696000000;592800000000
28;17205290;600764000000;596192000000
29;51872623;90576000000;89144000000
30;12650127;600612000000;590352000000
31;12296501;600584000000;591452000000
32;7379103;239704000000;233576000000
33;1729935;12380000000;12148000000
34;128798;5364000000;5172000000
35;565423;20768000000;20324000000
36;183;507052000000;500724000000
37;821107;158040000000;153576000000
38;42921789;600528000000;589276000000
39;1078692;32804000000;31564000000
40;2395199;278840000000;272336000000
41;2395215;215680000000;210568000000
42;672925;80348000000;78756000000
43;79597;19496000000;18844000000
44;8;1596000000;1584000000
45;2147628;249352000000;241716000000
46;229;1688000000;1668000000
47;0;12000000;4000000
48;71;2016000000;2008000000
49;1709097;119096000000;116656000000
50;680330;50516000000;48568000000
51;5799;644000000;632000000
52;739946;74896000000;73576000000
53;736248;52964000000;51236000000
54;2728617;183416000000;179892000000
55;3583;708000000;532000000
56;26585;12528000000;11996000000
57;0;2288000000;2232000000
58;83;1592000000;1572000000
59;79;1592000000;1592000000
60;14541669;600624000000;595428000000
61;66135;4944000000;4596000000
62;95;48000000;48000000
63;10934795;53372000000;52632000000
64;1194560;101428000000;97672000000
65;3409392;218020000000;212760000000
66;0;108000000;76000000
67;0;92000000;56000000
68;28;48000000;36000000
69;20;144000000;132000000
70;739946;74796000000;73588000000
71;2395247;159788000000;155612000000
72;5680;4040000000;3904000000
73;1104;1276000000;1264000000
74;2267;568000000;412000000
75;26070757;600612000000;590552000000
76;822121;42072000000;40668000000
77;124479;6708000000;6172000000
78;288910;20636000000;20520000000
79;81201929;600764000000;592420000000
80;1407552;102636000000;99720000000
81;32319;3600000000;3528000000
82;243838;9420000000;9272000000
83;25;16000000;4000000
84;190;600716000000;593832000000
85;389;600700000000;593392000000
86;615;600724000000;593968000000
87;1140459;48248000000;46948000000
88;108042;13036000000;12172000000
89;44711;2332000000;2300000000
90;149144;13596000000;13264000000
91;23;12000000;12000000
92;32109;12164000000;12008000000
93;26588;10700000000;10428000000
94;3144070;119024000000;116716000000
95;680330;28808000000;27948000000
96;149658;8288000000;7592000000
97;663028;35412000000;34936000000
98;20102;1564000000;1524000000
99;55733;808000000;672000000
100;11169885;600624000000;587092000000
101;2109;792000000;624000000
102;4294929;47800000000;46604000000
103;1157;240000000;228000000
104;41;68000000;64000000
105;655797;49628000000;48724000000
106;929304;61844000000;60376000000
107;1052082;73940000000;72128000000
108;1413109;72544000000;70784000000
109;0;8000000;4000000
110;245587;20940000000;20212000000
111;235601;20836000000;20504000000
112;21666183;600612000000;590120000000
113;5011;764000000;620000000
114;50665;8964000000;8892000000
115;1512565;212568000000;208844000000
116;212298;13640000000;13200000000
117;4657;3976000000;3800000000
118;0;0;0
119;0;0;0
120;2489818;6876000000;6588000000
121;114518;7728000000;7404000000
122;0;3784000000;3708000000
123;1329846;102780000000;100376000000
124;565246;21044000000;20404000000
125;606;64000000;52000000
126;52463;4064000000;3916000000
127;55485;4616000000;4496000000
128;55196;1104000000;1092000000
129;1408;672000000;656000000
130;40116371;600488000000;589616000000
131;605;80000000;48000000
132;0;444000000;328000000
133;6219;868000000;812000000
134;110138;11980000000;11328000000
135;585;64000000;56000000
136;1;32000000;32000000
137;1;40000000;40000000
138;322;44000000;40000000
139;846238;74244000000;72468000000
140;50;108000000;84000000
141;586720;11912000000;11760000000
142;78152638;600484000000;592896000000
143;84378;7288000000;6196000000
144;62;64000000;60000000
145;17935;788000000;764000000
146;129479;4836000000;4712000000
147;107804;8304000000;8068000000
148;8557;1072000000;928000000
149;3339;344000000;328000000
150;99;124000000;124000000
151;9589898;126768000000;125536000000
152;2457464;164900000000;160720000000
153;10522;1504000000;1488000000
154;637640;25760000000;25216000000
155;2742276;135168000000;133540000000
156;365;52000000;12000000
157;10510545;100376000000;98152000000
158;4356;3644000000;3564000000
159;2633;2536000000;2520000000
160;4616;3760000000;3732000000
161;2862;2176000000;2148000000
162;922;1400000000;1392000000
163;234355;11140000000;10840000000
164;762948;11444000000;11124000000
165;722671;26144000000;25400000000
166;63949;3508000000;3320000000
167;332867;21924000000;21352000000
168;141917;5196000000;5176000000
169;5407;172000000;172000000
170;2524335;148280000000;144756000000
171;135714;15476000000;14832000000
172;856814;41436000000;40304000000
173;9847936;400792000000;391156000000
174;3555045;160356000000;157224000000
175;237239;5948000000;5128000000
176;2442620;86636000000;85100000000
177;12879;3980000000;3896000000
178;3200584;93772000000;91696000000
179;399879;4924000000;4756000000
180;90897;5780000000;5572000000
181;90897;5436000000;5428000000
182;174663;11836000000;11104000000
183;147007;5268000000;5208000000
184;116959;4284000000;4280000000
185;2672197;63684000000;62052000000
186;159141;5608000000;5124000000
187;2419655;65420000000;64540000000
188;307703;26168000000;25068000000
189;0;151224000000;148072000000
190;118;116000000;64000000
191;7068;396000000;288000000
192;16359;1472000000;1356000000
193;1059972;54748000000;53844000000
194;0;724000000;564000000
195;126384;2548000000;2272000000
196;159399811;518464000000;513164000000
197;369381;324740000000;318244000000
198;414778;14956000000;14464000000
199;2650177;59424000000;57780000000
200;166950;6616000000;6236000000
201;296;196000000;180000000
202;440287;12144000000;12000000000
203;2267;528000000;412000000
204;1611544;84580000000;82980000000
205;3552567;73556000000;72088000000
206;3880057;141404000000;138316000000
207;47063885;600768000000;593120000000
208;35109;2608000000;2324000000
209;38960738;600484000000;586932000000
210;1802014;63784000000;62088000000
211;1301;1084000000;1048000000
212;27159;1380000000;1200000000
213;1191;784000000;780000000
214;14048307;249080000000;243936000000
215;0;0;0
216;822121;20184000000;19592000000
217;332867;21316000000;21056000000
218;7491937;226972000000;221092000000
219;4376775;136728000000;134544000000
220;375892;14308000000;13400000000
221;502203;17248000000;16904000000
222;289032;7940000000;7640000000
223;18;6492000000;6484000000
224;2986807;164720000000;159976000000
225;368759;21724000000;21040000000
226;13125049;208276000000;203328000000
227;86;144000000;128000000
228;12;12000000;12000000
229;1132302;39920000000;39128000000
230;846042;12436000000;11992000000
231;80982;3956000000;3672000000
232;18;8000000;4000000
233;10008453;600688000000;591164000000
234;6309820;139652000000;137692000000
235;1059972;54796000000;53308000000
236;9607;3328000000;3136000000
237;186246407;504972000000;498324000000
238;1848;200000000;160000000
239;57;4000000;4000000
240;438265;7792000000;7628000000
241;12536186;210080000000;206196000000
242;69838851;600776000000;597488000000
243;332867;22592000000;21656000000
244;3285215;193900000000;188804000000
245;78;124000000;80000000
246;29634317;600636000000;589256000000
247;2156;276000000;192000000
248;8551;624000000;520000000
249;18303767;600624000000;587216000000
250;4596072;93904000000;91460000000
251;184770;3492000000;3384000000
252;3137615;147232000000;143980000000
253;187144;5848000000;5628000000
254;72633;5976000000;5660000000
255;3891;1464000000;1400000000
256;201;12000000;12000000
257;8662766;600624000000;590372000000
258;432;60000000;44000000
259;4514666;46008000000;44584000000
260;228463;8908000000;8644000000
261;171;28000000;24000000
262;58690;3084000000;2892000000
263;34344;1496000000;1468000000
264;249427;17632000000;17240000000
265;9803;4256000000;4188000000
266;16481;888000000;844000000
267;618358;19072000000;18668000000
268;274375;10916000000;10572000000
269;49621;2904000000;2752000000
270;3139658;59396000000;57736000000
271;0;0;0
272;186092;4824000000;4784000000
273;257;92000000;80000000
274;1090250;64204000000;62452000000
275;104026775;600764000000;599132000000
276;5;7992000000;7560000000
277;189207;7804000000;7468000000
278;617;20000000;20000000
279;3717701;107292000000;105484000000
280;379478;18608000000;18032000000
281;511366;28216000000;27228000000
282;0;8000000;4000000
283;17943531;394584000000;387868000000
284;78957;5260000000;4428000000
285;2556723;113512000000;111356000000
286;340;112000000;88000000
287;202;56000000;48000000
288;2820013;67104000000;65060000000
289;79377;2396000000;2336000000
290;5099;604000000;536000000
291;37794;1344000000;1280000000
292;433412;17228000000;16856000000
293;2788161;137588000000;135004000000
294;720809;41980000000;40764000000
295;15063;1008000000;948000000
296;3130253;257228000000;249816000000
297;2225;192000000;156000000
298;144886;16628000000;15964000000
299;0;0;0
300;1508;60000000;56000000
301;17769;1208000000;1184000000
302;29;12000000;8000000
303;126329;5028000000;4968000000
304;490806;13652000000;13604000000
305;0;2072000000;2052000000
306;2524922;144616000000;141740000000
307;256356;17964000000;17508000000
308;363588;14496000000;14156000000
309;330;40000000;16000000
310;1096;68000000;64000000
311;185162372;600580000000;595696000000
312;199734;8884000000;8196000000
313;68;24000000;20000000
314;38;8000000;4000000
315;46266;1804000000;1788000000
316;129547;3496000000;3304000000
317;333069;6996000000;6920000000
318;228945;5412000000;5340000000
319;2141139;164400000000;159416000000
320;2202938;96576000000;94104000000
321;1611544;84628000000;82968000000
322;252096;21208000000;20512000000
323;703;764000000;708000000
324;697;512000000;508000000
325;3419076;138584000000;134996000000
326;2457552;101380000000;99468000000
327;637888;23336000000;22488000000
328;362;56000000;52000000
329;595288;47804000000;46916000000
330;0;12000000;12000000
331;11088;844000000;816000000
332;5252;368000000;224000000
333;113539007;600524000000;595120000000
334;267;25040000000;24512000000
335;9154313;186128000000;182180000000
336;53224;6808000000;6216000000
337;750224;22132000000;21984000000
338;4691808;121052000000;118132000000
339;3924906;78344000000;77648000000
340;84467;3728000000;3052000000
341;968480;6096000000;5996000000
342;33083150;600660000000;591908000000
343;4777;148000000;124000000
344;1667791;49320000000;48000000000
345;7482711;266840000000;261496000000
346;9826268;338052000000;332132000000
347;3055737;62676000000;61556000000
348;1221020;36836000000;35884000000
349;333775;16428000000;16156000000
350;74248;4660000000;4456000000
351;209153;1236000000;968000000
352;35960040;600636000000;590392000000
353;65742;4276000000;3872000000
354;4581915;86452000000;84972000000
355;567048;13012000000;12580000000
356;373600;11888000000;11660000000
357;10151;352000000;316000000
358;1232253;53688000000;52452000000
359;0;15568000000;15496000000
360;3896710;59584000000;57636000000
361;12724749;191844000000;188492000000
362;609;80000000;60000000
363;19035458;424820000000;417768000000
364;5600;400000000;292000000
365;10;4000000;4000000
366;169512;4236000000;3996000000
367;8;4000000;0
368;21408315;600740000000;592980000000
369;4694656;93092000000;91912000000
370;12988;588000000;524000000
371;1034781;28752000000;27936000000
372;91551;3396000000;3132000000
373;32035215;600732000000;590620000000
374;31287979;600636000000;589864000000
375;10147296;175004000000;171672000000
376;9334577;132932000000;130580000000
377;40212185;600576000000;592784000000
378;19207426;195220000000;192048000000
379;16834611;150596000000;148452000000
380;9661345;155124000000;152052000000
381;9661891;154568000000;151684000000
382;26973329;283704000000;280436000000
383;19026878;194196000000;191708000000
384;36605538;333492000000;329296000000
385;8472299;89024000000;87612000000
386;8151664;137152000000;134752000000
387;39909241;600576000000;590684000000
388;9846037;138040000000;135676000000
389;17015427;127568000000;125692000000
390;10381766;81908000000;80804000000
391;44202218;600572000000;590132000000
392;5739037;108824000000;106416000000
393;60429972;600596000000;590992000000
394;12799;548000000;372000000
395;3925529;139996000000;137032000000
396;17413;484000000;364000000
397;1220733;600660000000;588252000000
398;18898684;439860000000;432108000000
399;60;12000000;8000000
400;6868143;271320000000;265792000000
401;4114209;76864000000;75776000000
402;815186;17052000000;16444000000
403;1660;180000000;116000000
404;7050143;340872000000;332712000000
405;7482711;266368000000;261208000000
406;38099599;103920000000;101824000000
407;76946;2852000000;2612000000
408;41106;1464000000;1340000000
409;332973;15924000000;15432000000
410;14816616;362456000000;356032000000
411;12152;456000000;384000000
412;8713;712000000;628000000
413;6046;324000000;276000000
414;1050754;23820000000;23304000000
415;878810;32104000000;31484000000
416;19;36000000;24000000
417;2557738;108092000000;105952000000
418;48455985;600744000000;595020000000
419;3285215;94240000000;91976000000
420;0;15116000000;15004000000
421;1594397;53356000000;51672000000
422;4387507;126324000000;124532000000
423;359667;6128000000;5740000000
424;1016291;15752000000;14876000000
425;3284;176000000;152000000
426;74965074;247200000000;243804000000
427;410745;8156000000;7672000000
428;725974;18180000000;17568000000
429;185197;9576000000;9132000000
430;387346;9408000000;9352000000
431;56362134;600608000000;591156000000
432;3705926;149304000000;146320000000
433;67087731;600764000000;596452000000
434;2965479;74776000000;73028000000
435;19381788;247592000000;242624000000
436;5185;92000000;76000000
437;1096746;36332000000;35912000000
438;1613715;80992000000;78804000000
439;37493315;600656000000;593392000000
440;55738646;600552000000;589836000000
441;3555064;78520000000;77076000000
442;49516209;456892000000;450536000000
443;44986913;119424000000;118064000000
444;3608502;150064000000;146800000000
445;5058550;90888000000;89096000000
446;796994;12404000000;11720000000
447;0;440000000;404000000
448;32755475;600664000000;593148000000
449;166092;6252000000;5760000000
450;50629183;600476000000;592348000000
451;1057670;37132000000;36180000000
452;344;40000000;28000000
453;499351;12980000000;12820000000
454;223798;5976000000;5660000000
455;781;52000000;48000000
456;30958404;600664000000;590208000000
457;1637512;63984000000;62784000000
458;1195488;22508000000;21612000000
459;10197290;302708000000;299008000000
460;91;20000000;12000000
461;657;60000000;48000000
462;23;3120000000;2928000000
463;203829;10520000000;10012000000
464;107177635;600448000000;596444000000
465;9649;516000000;380000000
466;4596658;190404000000;185328000000
467;2110012;50176000000;49292000000
468;5384;308000000;264000000
469;3423273;78140000000;76424000000
470;2471;200000000;172000000
471;7;0;0
472;62;204000000;168000000
473;12819512;600672000000;588960000000
474;55;312000000;244000000
475;0;20000000;12000000
476;0;28000000;28000000
477;0;8000000;8000000
478;0;8000000;8000000
479;0;4000000;4000000
480;275992;9144000000;8884000000
481;2833224;92896000000;90720000000
482;677986;15848000000;15396000000
483;701;48000000;48000000
484;43471257;600564000000;592576000000
485;5683;808000000;512000000
486;624905;27232000000;26704000000
487;6932857;269504000000;264100000000
488;3561417;147328000000;144092000000
489;19852610;180856000000;177524000000
490;12694607;158232000000;155112000000
491;1148317;31452000000;30664000000
492;19022029;476832000000;467232000000
493;6;4000000;0
494;9620;1772000000;1544000000
495;5212;76000000;72000000
496;332973;15728000000;15344000000
497;9620;1440000000;1428000000
498;7217008;265272000000;259940000000
499;2205131;51612000000;49908000000
500;79997;2444000000;2344000000
501;61806;1936000000;1816000000
502;0;780000000;760000000
503;140;12000000;12000000
504;1063629;50124000000;49560000000
505;10325660;34740000000;33956000000
506;17;8000000;4000000
507;12679290;188884000000;186676000000
508;326956;7296000000;6656000000
509;221;44000000;36000000
510;9182877;30380000000;30116000000
511;163257;4948000000;4576000000
512;25826;824000000;808000000
513;234039;6016000000;5844000000
514;3693290;45096000000;44012000000
515;3581;284000000;212000000
516;105656;3772000000;3432000000
517;215600;5260000000;5196000000
518;46630;1800000000;1784000000
519;1842;72000000;72000000
520;41331810;600696000000;593956000000
521;27890;2180000000;1624000000
522;23887;2580000000;2324000000
523;16366771;600688000000;591268000000
524;0;0;0
525;3186;604000000;456000000
526;19164962;121648000000;119584000000
527;0;0;0
528;2936517;117792000000;115344000000
529;20112;896000000;752000000
530;366685;8920000000;8572000000
531;20;4000000;0
532;6207;432000000;392000000
533;69407411;600404000000;594676000000
534;64031715;600440000000;594404000000
535;63037961;600400000000;594740000000
536;107882;4452000000;3908000000
537;2428364;59272000000;58196000000
538;12314348;40036000000;39288000000
539;103054;3004000000;2748000000
540;2032438;55992000000;54972000000
541;370;1308000000;1108000000
542;42878;2056000000;1980000000
543;40864894;600684000000;593556000000
544;35;8000000;4000000
545;746;156000000;100000000
546;438840;22056000000;21156000000
547;193;4000000;4000000
548;1232253;53156000000;52304000000
549;1313129;57120000000;55800000000
550;2738525;113700000000;111032000000
551;315;84000000;48000000
552;19088327;316364000000;313236000000
553;4050562;71904000000;70392000000
554;2;0;0
555;15;2120000000;2036000000
556;62510;5664000000;5008000000
557;108350;5256000000;5168000000
558;2094654;57720000000;56524000000
559;119019;4552000000;4316000000
560;56081;1984000000;1896000000
561;6641;284000000;268000000
562;743163;12916000000;12588000000
563;6668291;22888000000;22372000000
564;1273990;51696000000;50796000000
565;50;4000000;4000000
566;490;60000000;56000000
567;11264;420000000;400000000
568;86;28000000;28000000
569;13387738;551456000000;541016000000
570;2109419;50208000000;49124000000
571;13539;968000000;844000000
572;669238;2352000000;2060000000
573;8422709;255652000000;251152000000
574;2738525;113724000000;111160000000
575;11810;796000000;700000000
576;55421007;600604000000;590972000000
577;12717818;600616000000;588856000000
578;625158;12116000000;11180000000
579;1228733;52296000000;51328000000
580;106487379;600548000000;591860000000
581;1892391;66696000000;65008000000
582;30293668;574904000000;563852000000
583;41323702;600596000000;589696000000
584;211962;8264000000;7384000000
585;1191;192000000;156000000
586;5305483;220612000000;216352000000
587;345211;7408000000;7188000000
588;18441082;502800000000;492748000000
589;222258;8396000000;7608000000
590;168900;8768000000;8596000000
591;4654097;58784000000;57288000000
592;54;2496000000;2380000000
593;44565;1528000000;1476000000
594;0;9584000000;9512000000
595;20800589;160088000000;158144000000
596;427299;18180000000;17568000000
597;2891704;97244000000;95788000000
598;14912804;588844000000;577984000000
599;6932857;269468000000;263980000000
600;4748;344000000;248000000
601;12863771;388248000000;378844000000
602;62845;3708000000;3460000000
603;38518;1204000000;1112000000
604;3561417;146908000000;144176000000
605;93;12000000;8000000
606;2526043;101408000000;99352000000
607;414635;17044000000;16596000000
608;17607;356000000;216000000
609;0;0;0
610;24;4000000;4000000
611;2036057;100772000000;98776000000
612;426116;9512000000;9240000000
613;7294053;257324000000;251992000000
614;19069160;228968000000;226152000000
615;1586;364000000;228000000
616;3139680;59028000000;56796000000
617;119;5424000000;5352000000
618;183608;4856000000;4772000000
619;203749;3336000000;3200000000
620;3501401;143340000000;140340000000
621;91455;2888000000;2704000000
622;7245544;114464000000;112004000000
623;132838;4744000000;4688000000
624;9380;860000000;676000000
625;484413;17192000000;16688000000
626;0;12000000;12000000
627;1233;684000000;644000000
628;47;4000000;0
629;201859;5528000000;5456000000
630;722373;38280000000;37792000000
631;429941;16300000000;15824000000
632;220692;6324000000;6220000000
633;0;1864000000;1852000000
634;492395;12300000000;12104000000
635;0;960000000;736000000
636;0;128000000;120000000
637;0;0;0
638;3882061;133332000000;130464000000
639;113161;2008000000;1684000000
640;6202;1004000000;916000000
641;3723279;98824000000;97140000000
642;407;108000000;56000000
643;23784;1568000000;1400000000
644;293;52000000;44000000
645;26567554;600760000000;595476000000
646;11409;428000000;340000000
647;2454492;60184000000;58724000000
648;99891;2944000000;2772000000
649;3645507;147916000000;144500000000
650;7187;804000000;708000000
651;650934;27948000000;27252000000
652;111125531;600484000000;593744000000
653;213050783;600588000000;587744000000
654;820801;30576000000;29424000000
655;333140;6288000000;6168000000
656;582565;10408000000;10352000000
657;267;32000000;32000000
658;22224;736000000;692000000
659;9674931;31660000000;31216000000
660;118554;1064000000;1000000000
661;5860;1048000000;700000000
662;2641;248000000;200000000
663;607171;7068000000;6920000000
664;6;4000000;4000000
665;68;88000000;80000000
666;170;20000000;20000000
667;4280;292000000;256000000
668;67706;3596000000;3424000000
669;55474361;600600000000;590952000000
670;60571;2148000000;1616000000
671;626020;37412000000;36196000000
672;31221958;600636000000;589004000000
673;76232;2432000000;2224000000
674;1259491;14364000000;13700000000
675;595;24000000;16000000
676;57370;1960000000;1816000000
677;302;24000000;24000000
678;286237;10096000000;9944000000
679;11945;552000000;504000000
680;12572926;600624000000;589476000000
681;1136091;18212000000;17480000000
682;260;8000000;8000000
683;34;12000000;12000000
684;1076560;22892000000;22612000000
685;47005;2332000000;2164000000
686;268369;6636000000;6424000000
687;0;8000000;4000000
688;193726;11128000000;10796000000
689;541406;17608000000;17228000000
690;2305954;88408000000;86524000000
691;4431877;234676000000;229356000000
692;32870;792000000;660000000
693;14859764;600652000000;589164000000
694;2543529;37328000000;36652000000
695;2305954;88360000000;86540000000
696;39523;1364000000;1184000000
697;13361139;266232000000;261380000000
698;49497722;600740000000;595240000000
699;38979606;600640000000;591176000000
700;36833141;600732000000;591960000000
701;2024347;33316000000;32392000000
702;3295655;85268000000;83348000000
703;1016291;5840000000;5656000000
704;23;4000000;0
705;5938;176000000;164000000
706;414046;10160000000;9808000000
707;56;4000000;4000000
708;7050143;154636000000;151796000000
709;60888301;600608000000;590732000000
710;35954694;600692000000;591648000000
711;4596658;77880000000;76228000000
712;10089284;172904000000;170780000000
713;42111596;600600000000;589504000000
714;2;0;0
715;5267;248000000;192000000
716;23387;720000000;652000000
717;31348481;600660000000;589944000000
718;311464;6604000000;6240000000
719;569346;11448000000;11272000000
720;11750;368000000;352000000
721;2980035;67256000000;65792000000
722;1323002;32428000000;31540000000
723;3975887;71736000000;70704000000
724;2674442;60460000000;58860000000
725;8;4000000;4000000
726;84996;2520000000;2340000000
727;696532;16864000000;16700000000
728;7259361;145388000000;142608000000
729;15;0;0
730;1644219;29408000000;28872000000
731;137245;4172000000;3984000000
732;3033;112000000;92000000
733;1599231;35916000000;35260000000
734;3659334;88896000000;86936000000
735;3822987;78848000000;77196000000
736;26314209;600624000000;589412000000
737;29288743;600644000000;589824000000
738;949234;22380000000;21720000000
739;3926322;84404000000;82312000000
740;2521730;55668000000;54440000000
741;13161;592000000;500000000
742;761610;18508000000;18084000000
743;1671263;45128000000;44092000000
744;796428;20756000000;20120000000
745;771676;12100000000;11892000000
746;480682;11040000000;10720000000
747;110;12000000;8000000
748;1051344;21564000000;21072000000
749;103432;2560000000;2516000000
750;636892;9424000000;9044000000
751;39264;1056000000;1024000000
752;2097300;52120000000;51164000000
753;1033124;14200000000;13772000000
754;14895138;335248000000;328984000000
755;554525;14692000000;14372000000
756;1164381;15844000000;15460000000
757;3063058;55624000000;54700000000
758;1409679;27140000000;26148000000
759;16912;444000000;424000000
760;4293;148000000;140000000
761;323065;7624000000;7524000000
762;76405;2256000000;2192000000
763;202527;5820000000;5668000000
764;5008960;66312000000;65420000000
765;1265322;30544000000;29556000000
766;22;8000000;8000000
767;70352;2664000000;2416000000
768;783309;15984000000;15680000000
769;1375583;36380000000;35932000000
770;433028;11392000000;11032000000
771;2484925;64068000000;62584000000
772;16588;556000000;476000000
773;1029704;20420000000;20160000000
774;306780;8088000000;7736000000
775;4783;24000000;16000000
776;413;16000000;16000000
777;102306;1892000000;1820000000
778;53142;1572000000;1532000000
779;1286292;18168000000;17776000000
780;1225909;33068000000;32304000000
781;73132;1700000000;1656000000
782;17457608;408700000000;400836000000
783;105493;3216000000;3012000000
784;6550;180000000;164000000
785;9419;352000000;340000000
786;16172;548000000;544000000
787;30452;896000000;872000000
788;149063;3616000000;3556000000
789;104;12000000;4000000
790;377209;10172000000;9900000000
791;45953;1060000000;1012000000
792;405;16000000;16000000
793;1057461;19984000000;19864000000
794;247949;4028000000;3880000000
795;446067;10840000000;10564000000
796;499741;5708000000;5600000000
797;24268;724000000;696000000
798;13;0;0
799;24;4000000;4000000
800;11;4000000;4000000
801;34595;1064000000;1032000000
802;71;8000000;4000000
803;98563;2928000000;2828000000
804;2520538;44036000000;43716000000
805;28;4000000;4000000
806;13030;772000000;592000000
807;576315;14400000000;14056000000
808;16;4000000;4000000
809;16;4000000;0
810;12;4000000;0
811;528465;15540000000;15272000000
812;19961090;422984000000;416416000000
813;3081;220000000;152000000
814;1607;96000000;60000000
815;680052;13744000000;13416000000
816;141984;3272000000;3064000000
817;2006726;52428000000;51204000000
818;179630;5952000000;5696000000
819;124;12000000;8000000
820;1655;80000000;80000000
821;150113;3084000000;3024000000
822;19430075;425872000000;418588000000
823;970133;21252000000;20492000000
824;4434689;117680000000;115028000000
825;41031;1104000000;1064000000
826;19069160;214584000000;212220000000
827;19341438;461360000000;452248000000
828;172137;5452000000;5108000000
829;61525;1228000000;1176000000
830;1670326;30628000000;30092000000
831;1713264;23640000000;23036000000
832;266176;6872000000;6476000000
833;2526106;57176000000;56284000000
834;7171;216000000;184000000
835;234699;5440000000;5200000000
836;1466;40000000;40000000
837;411313;10008000000;9872000000
838;70346;1496000000;1464000000
839;11196;356000000;340000000
840;30306;1016000000;984000000
841;62;8000000;4000000
842;82;16000000;8000000
843;43652;984000000;952000000
844;693;20000000;20000000
845;77287;2288000000;2260000000
846;15531;352000000;348000000
847;2068494;52544000000;51792000000
848;88403;2348000000;2284000000
849;3065;148000000;136000000
850;260;8000000;8000000
851;176;32000000;16000000
852;15109;460000000;452000000
853;626020;15720000000;15368000000
854;574760;16108000000;15624000000
855;69469;1772000000;1696000000
856;582;36000000;32000000
857;27;4000000;4000000
858;805784;12088000000;11632000000
859;866243;16196000000;16084000000
860;1491;84000000;64000000
861;158454;2656000000;2324000000
862;933981;23144000000;22484000000
863;10817;316000000;288000000
864;2485;96000000;92000000
865;154;20000000;16000000
866;184377;3672000000;3640000000
867;4669;152000000;148000000
868;84900;2276000000;2252000000
869;12586;420000000;420000000
870;281719;6712000000;6684000000
871;1243181;28568000000;28304000000
872;3320;76000000;64000000
873;3991;184000000;140000000
874;382;12000000;8000000
875;24111;860000000;636000000
876;10279;392000000;364000000
877;94526;2996000000;2884000000
878;45;8000000;4000000
879;538470;11016000000;10720000000
880;6;0;0
881;99151;3160000000;3064000000
882;3903;168000000;164000000
883;150737;2596000000;2584000000
884;1493105;23440000000;23384000000
885;133197;3528000000;3420000000
886;13861;480000000;340000000
887;11054;320000000;304000000
888;33970;1240000000;1176000000
889;10;4000000;4000000
890;3470;112000000;112000000
891;47014;1416000000;1380000000
892;16941;648000000;604000000
893;623;24000000;20000000
894;444;12000000;12000000
895;11019;312000000;296000000
896;981;36000000;36000000
897;75520;1508000000;1476000000
898;26744;704000000;664000000
899;7832;328000000;304000000
900;59538;1852000000;1796000000
901;9766;356000000;356000000
902;18499841;468608000000;459716000000
903;396347;9840000000;9676000000
904;525375;12924000000;12504000000
905;518859;12424000000;12064000000
906;1832505;25540000000;25128000000
907;16611881;309592000000;305028000000
908;742859;11564000000;11324000000
909;742048;11108000000;10896000000
910;558667;10732000000;10512000000
911;561776;10924000000;10692000000
912;1008;68000000;60000000
913;839242;19012000000;18500000000
914;469088;8572000000;8412000000
915;152169;3684000000;3568000000
916;1136249;16696000000;16288000000
917;620266;5316000000;5240000000
918;993367;11544000000;11424000000
919;997151;12252000000;11944000000
920;509535;9892000000;9716000000
921;100;12000000;8000000
922;31322;852000000;824000000
923;30290;1220000000;1104000000
924;18421701;348504000000;343728000000
925;1;16000000;12000000
926;4654;1048000000;924000000
927;2;0;0
928;113;20000000;20000000
929;73;44000000;40000000
930;647;44000000;44000000
931;302342;3860000000;3744000000
932;188093;2456000000;2380000000
933;71820;1596000000;1592000000
934;459;8000000;4000000
935;670;48000000;48000000
936;0;0;0
937;3421;232000000;228000000
938;39231;464000000;464000000
939;137;4000000;4000000
940;6115;96000000;92000000
941;5386;40000000;36000000
942;7;0;0
943;20;4000000;4000000
944;67340;736000000;728000000
945;13271;212000000;212000000
946;0;0;0
947;2;4000000;4000000
948;224218;1772000000;1760000000
949;31;8000000;8000000
950;33;48000000;48000000
951;3200584;18200000000;18152000000
952;1964;212000000;208000000
953;17285;224000000;224000000
954;166950;1472000000;1436000000
955;1274;132000000;128000000
956;96310;952000000;948000000
957;203;8000000;8000000
958;666;8000000;8000000
959;375892;3088000000;2968000000
960;199734;1832000000;1780000000
961;107;4000000;4000000
962;1789;8000000;8000000
963;722671;5896000000;5748000000
964;149714;1808000000;1796000000
965;2120;16000000;16000000
966;258;4000000;4000000
967;11265;88000000;84000000
968;51263;392000000;388000000
969;239493;2248000000;2244000000
970;304018;2604000000;2604000000
971;0;0;0
972;3207;112000000;112000000
973;36;0;0
974;32;4000000;0
975;52;12000000;8000000
976;15;4000000;4000000
977;37;8000000;8000000
978;35;4000000;4000000
979;0;0;0
980;116;20000000;20000000
981;3;4000000;4000000
982;31;0;0
983;745440;4800000000;4796000000
984;2082771;10840000000;10736000000
985;403;64000000;44000000
986;1301;52000000;36000000
987;5672;92000000;88000000
988;372;56000000;52000000
989;65;12000000;12000000
990;282;12000000;12000000
991;4105;72000000;72000000
992;11;4000000;4000000
993;731;32000000;32000000
994;77;4000000;4000000
995;19069110;63416000000;62480000000
996;23634;296000000;240000000
997;59;4000000;4000000
998;50;12000000;8000000
999;63;0;0
1000;0;4000000;4000000
1001;0;0;0
1002;184339;712000000;700000000
1003;4691808;12960000000;12892000000
1004;1399;16000000;12000000
1005;0;0;0
1006;764;12000000;12000000
1007;144264;560000000;552000000
1008;20;0;0
1009;183;4000000;0
1010;230708;668000000;664000000
1011;54;0;0
1012;19069110;31776000000;31320000000
1013;4097222;9468000000;9340000000
1014;54;4000000;4000000
1015;0;0;0
1016;233;8000000;8000000
1017;195693;836000000;800000000
1018;71;4000000;4000000
1019;153800;784000000;776000000
1020;198;0;0
1021;211962;944000000;912000000
1022;5674;56000000;56000000
1023;199974;1036000000;992000000
1024;156;4000000;4000000
1025;12562;56000000;52000000
1026;206964;760000000;692000000
1027;131;4000000;4000000
1028;258263;1272000000;1200000000
1029;588515;892000000;884000000
1030;339;8000000;8000000
1031;634;12000000;8000000
1032;38580;124000000;124000000
1033;351;8000000;8000000
1034;13692;112000000;112000000
1035;396024;1356000000;1336000000
1036;1382;16000000;16000000
1037;10331;136000000;120000000
1038;157591;552000000;544000000
1039;0;0;0
1040;262144;864000000;848000000
1041;11686;100000000;100000000
1042;1;0;0
1043;103530;272000000;272000000
1044;357;4000000;4000000
1045;222258;1088000000;1080000000
1046;0;0;0
1047;1335;16000000;16000000
1048;10;0;0
1049;14;4000000;4000000
1050;82319;404000000;400000000
1051;3228908;9556000000;9500000000
1052;439921;1520000000;1496000000
1053;865713;2056000000;2028000000
1054;8;0;0
1055;0;0;0
1056;3842;44000000;40000000
1057;524968;1628000000;1592000000
1058;71037;452000000;452000000
1059;421796;1252000000;1248000000
1060;74;4000000;4000000
1061;4897;44000000;44000000
1062;44786;284000000;284000000
1063;29171;92000000;88000000
1064;239574;1208000000;1208000000
1065;21182;148000000;144000000
1066;1;0;0
1067;1;0;0
1068;2109463;5732000000;5624000000
1069;63;4000000;4000000
1070;4619;16000000;16000000
1071;378575;1672000000;1580000000
1072;167373;828000000;792000000
1073;27333;192000000;176000000
1074;20;0;0
1075;751;12000000;12000000
1076;465556;2140000000;2080000000
1077;43647;212000000;204000000
1078;1094276;3496000000;3392000000
1079;37;0;0
1080;309;8000000;4000000
1081;0;0;0
1082;1089;12000000;8000000
1083;9641;36000000;32000000
1084;330614;1152000000;1144000000
1085;19260;148000000;148000000
1086;1;4000000;4000000
1087;60;0;0
1088;0;0;0
1089;0;0;0
1090;0;0;0
1091;0;0;0
1092;1286260;4188000000;4148000000
1093;0;0;0
1094;0;0;0
1095;0;0;0
1096;1;0;0
1097;0;0;0
1098;0;0;0
1099;102;0;0
1100;0;0;0
1101;150;4000000;4000000
1102;0;0;0
1103;62;4000000;4000000
1104;67;4000000;4000000
1105;8;0;0
1106;45;4000000;4000000
1107;56069;320000000;316000000
1108;167;0;0
1109;922;12000000;12000000
1110;1599;12000000;12000000
1111;341;4000000;4000000
1112;2;0;0
1113;295;8000000;8000000
1114;0;0;0
1115;0;0;0
1116;0;0;0
1117;20;0;0
1118;559;8000000;8000000
1119;1;4000000;4000000
1120;763057;1920000000;1868000000
1121;1128;16000000;16000000
1122;2;0;0
1123;1;0;0
1124;1;0;0
1125;285;4000000;4000000
1126;54622;348000000;348000000
1127;21;0;0
1128;42;0;0
1129;738071;3092000000;3088000000
1130;210282;1136000000;1136000000
1131;131;4000000;4000000
1132;1;0;0
1133;169577;776000000;772000000
1134;2465671;6408000000;6384000000
1135;49395;184000000;176000000
1136;42276;132000000;132000000
1137;29;0;0
1138;4;4000000;4000000
1139;1000;12000000;12000000
1140;33967;160000000;160000000
1141;29;0;0
1142;805;8000000;8000000
1143;249;4000000;0
1144;11;4000000;4000000
1145;681;8000000;8000000
1146;108;0;0
1147;54;0;0
1148;89;4000000;4000000
1149;733;8000000;8000000
1150;8148;32000000;32000000
1151;25269;144000000;144000000
1152;7;0;0
1153;13846;128000000;128000000
1154;318;4000000;4000000
1155;3;0;0
1156;299;8000000;8000000
1157;1;0;0
1158;366;4000000;4000000
1159;67585;400000000;400000000
1160;51987;328000000;328000000
1161;35084;196000000;192000000
1162;40;4000000;4000000
1163;1;0;0
1164;1;0;0
1165;0;0;0
1166;204;0;0
1167;25239;116000000;116000000
1168;1;0;0
1169;530395;1928000000;1868000000
1170;473;12000000;4000000
1171;7;0;0
1172;0;0;0
1173;1420;20000000;20000000
1174;95840;312000000;304000000
1175;7172;72000000;72000000
1176;40;0;0
1177;15528;80000000;80000000
1178;282;4000000;4000000
1179;52516;240000000;240000000
1180;1;0;0
1181;5344;40000000;40000000
1182;14;0;0
1183;38;4000000;0
1184;114;0;0
1185;1;0;0
1186;55;4000000;4000000
1187;5335;44000000;44000000
1188;2;0;0
1189;23;4000000;4000000
1190;222;0;0
1191;305;0;0
1192;1542;20000000;20000000
1193;37769;160000000;156000000
1194;1429;16000000;16000000
1195;3;0;0
1196;6698;72000000;72000000
1197;0;0;0
1198;34;0;0
1199;534;8000000;4000000
1200;56842;292000000;292000000
1201;8890;68000000;68000000
1202;45;4000000;4000000
1203;9296;64000000;64000000
1204;1;0;0
1205;1;0;0
1206;9;0;0
1207;20;4000000;4000000
1208;890;8000000;8000000
1209;34897;240000000;240000000
1210;6002;64000000;64000000
1211;7;0;0
1212;1;0;0
1213;338;4000000;4000000
1214;16;0;0
1215;1;0;0
1216;1;0;0
1217;4123;40000000;40000000
1218;35;4000000;4000000
1219;27;0;0
1220;42888;216000000;208000000
1221;1511;28000000;24000000
1222;222;4000000;4000000
1223;210;4000000;4000000
1224;133534;768000000;740000000
1225;3600;28000000;28000000
1226;18963;144000000;128000000
1227;17;0;0
1228;277;4000000;4000000
1229;114;4000000;4000000
1230;0;0;0
1231;0;0;0
1232;1491;24000000;24000000
1233;13;4000000;0
1234;6;0;0
1235;5581;32000000;32000000
1236;38;0;0
1237;84342;300000000;272000000
1238;1341;12000000;12000000
1239;78;0;0
1240;148678;556000000;536000000
1241;50;4000000;4000000
1242;320;4000000;4000000
1243;666426;1896000000;1784000000
1244;316590;908000000;904000000
1245;0;0;0
1246;259;4000000;4000000
1247;1;0;0
1248;1;0;0
1249;1051;16000000;16000000
1250;1;0;0
1251;1;0;0
1252;3;0;0
1253;2;0;0
1254;479;8000000;4000000
1255;1;0;0
1256;0;0;0
1257;0;0;0
1258;0;0;0
1259;0;0;0
1260;0;0;0
1261;0;0;0
1262;12912;112000000;112000000
1263;1100;16000000;16000000
1264;150;4000000;4000000
1265;10183;68000000;68000000
1266;2721;28000000;28000000
1267;500;8000000;8000000
1268;269;4000000;4000000
1269;1;0;0
1270;3649;20000000;20000000
1271;654;8000000;8000000
1272;72;4000000;4000000
1273;860;8000000;8000000
1274;34;0;0
1275;13;0;0
1276;3394;36000000;36000000
1277;1501;12000000;12000000
1278;24969;156000000;144000000
1279;5;0;0
1280;185;4000000;4000000
1281;70;0;0
1282;27503;212000000;204000000
1283;27;0;0
1284;215;4000000;0
1285;76;4000000;4000000
1286;13472;116000000;116000000
1287;299485;988000000;952000000
1288;1;0;0
1289;1;0;0
1290;1;0;0
1291;1;0;0
1292;68;4000000;0
1293;9;0;0
1294;0;0;0
