42;672925;91636000000;89744000000
49;1709097;145056000000;141720000000
50;680330;58708000000;55752000000
52;739946;86012000000;84088000000
54;2728617;230548000000;225568000000
61;66135;5336000000;4748000000
68;28;40000000;40000000
70;739946;86028000000;84104000000
76;822121;46460000000;44816000000
77;124479;7120000000;6672000000
87;1140459;57956000000;56832000000
89;44711;2680000000;2552000000
91;23;8000000;8000000
94;3144070;142156000000;138760000000
95;680330;33380000000;32388000000
96;149658;9232000000;8408000000
98;20102;1808000000;1704000000
99;55733;900000000;712000000
105;655797;56136000000;54980000000
106;929304;69048000000;67216000000
107;1052082;80900000000;78600000000
108;1413109;86728000000;84392000000
113;5011;892000000;640000000
116;212298;16108000000;15348000000
121;114518;8928000000;8668000000
122;0;3692000000;3668000000
125;606;80000000;68000000
126;52463;4428000000;4176000000
132;0;480000000;360000000
134;110138;13000000000;12212000000
135;585;72000000;60000000
138;322;44000000;36000000
140;50;92000000;84000000
141;586720;17764000000;17208000000
143;84378;8184000000;6876000000
144;62;64000000;60000000
145;17935;852000000;800000000
146;129479;5288000000;5176000000
147;107804;8816000000;8588000000
148;8557;1180000000;1028000000
151;9589898;126328000000;124932000000
155;2742276;131220000000;129200000000
165;722671;30836000000;29848000000
166;63949;3840000000;3456000000
167;332867;25184000000;24624000000
168;141917;5252000000;5208000000
169;5407;200000000;196000000
174;3555045;174920000000;170788000000
175;237239;6788000000;5936000000
178;3200584;111056000000;108040000000
179;399879;5080000000;4876000000
180;90897;6772000000;6432000000
181;90897;6276000000;6272000000
182;174663;14008000000;12988000000
186;159141;6044000000;5524000000
187;2419655;71620000000;70396000000
190;118;140000000;96000000
191;7068;444000000;300000000
193;1059972;62932000000;61600000000
196;137439220;600716000000;594888000000
198;414778;14744000000;14340000000
200;166950;7384000000;7060000000
201;296;200000000;164000000
202;440287;12340000000;12064000000
204;1611544;102008000000;99700000000
205;3552567;76904000000;75036000000
206;3880057;167576000000;163300000000
207;45790910;600776000000;589248000000
208;35109;2832000000;2488000000
214;14048307;259460000000;252644000000
216;822121;20916000000;20368000000
217;332867;25260000000;24668000000
219;4376775;147036000000;144144000000
220;375892;16648000000;15464000000
221;502203;19504000000;18996000000
223;18;6784000000;6620000000
225;368759;23064000000;22432000000
227;86;144000000;120000000
228;12;12000000;8000000
229;1132302;47788000000;46472000000
231;80982;4036000000;3888000000
233;9190191;600724000000;589968000000
235;1059972;63904000000;61800000000
238;1848;508000000;316000000
240;438265;8632000000;8092000000
241;12536186;215368000000;210640000000
242;67852678;600748000000;597084000000
243;332867;26352000000;25000000000
244;3285215;234340000000;227132000000
245;78;160000000;100000000
246;28543233;600720000000;587044000000
247;2156;324000000;228000000
248;8551;720000000;596000000
251;184770;3444000000;3312000000
253;187144;5704000000;5316000000
254;72633;6740000000;6248000000
256;201;16000000;8000000
257;7794133;600732000000;589168000000
258;432;64000000;40000000
260;228463;11336000000;10844000000
261;171;28000000;24000000
262;58690;3528000000;3412000000
263;34344;1732000000;1716000000
269;49621;3500000000;3184000000
270;3139658;71460000000;69340000000
273;257;104000000;64000000
275;103730433;600752000000;598580000000
276;5;8104000000;7488000000
277;189207;8844000000;8384000000
279;3717701;117084000000;114980000000
280;379478;21600000000;20772000000
282;0;8000000;4000000
283;17943531;413380000000;404452000000
284;78957;5692000000;4684000000
285;2556723;129116000000;126064000000
286;340;124000000;92000000
287;202;64000000;48000000
288;2820013;56880000000;54584000000
289;79377;2460000000;2384000000
290;5099;676000000;628000000
293;2788161;170080000000;166044000000
294;720809;50104000000;48644000000
295;15063;1144000000;1084000000
297;2225;196000000;156000000
299;0;0;0
300;1508;64000000;64000000
301;17769;1384000000;1344000000
302;29;16000000;16000000
304;490806;13956000000;13868000000
305;0;2088000000;2076000000
306;2524922;155404000000;151680000000
308;363588;15888000000;15348000000
309;330;40000000;32000000
310;1096;80000000;68000000
312;199734;10336000000;9460000000
313;68;24000000;8000000
314;38;12000000;12000000
315;46266;2172000000;2080000000
316;129547;3660000000;3408000000
317;333069;7396000000;7252000000
318;228945;5880000000;5700000000
321;1611544;101868000000;99652000000
326;2457552;112676000000;110080000000
328;362;60000000;52000000
329;595288;55396000000;54252000000
330;0;8000000;4000000
331;11088;872000000;868000000
335;9154313;192656000000;187264000000
337;750224;27440000000;27332000000
338;4691808;142072000000;137768000000
339;3924906;78812000000;77664000000
340;84467;3992000000;3328000000
342;32695615;600684000000;591152000000
343;4777;152000000;124000000
344;1667791;62480000000;60656000000
345;7482711;289576000000;282368000000
346;9826268;348808000000;341372000000
347;3055737;63460000000;62108000000
348;1221020;45804000000;43928000000
349;333775;20056000000;19352000000
350;74248;5332000000;5160000000
351;209153;1404000000;1048000000
352;36003826;600608000000;589784000000
353;65742;5200000000;4484000000
354;4581915;90164000000;88468000000
355;567048;14200000000;13644000000
356;373600;14908000000;14444000000
357;10151;428000000;388000000
358;1232253;64860000000;63124000000
359;0;15536000000;15460000000
360;3896710;70972000000;68652000000
361;12724749;192304000000;189092000000
362;609;88000000;52000000
363;19035458;479664000000;470772000000
364;5600;496000000;388000000
365;10;4000000;4000000
366;169512;5304000000;5008000000
367;8;4000000;4000000
368;21069476;600752000000;591236000000
369;4694656;93844000000;92052000000
370;12988;600000000;500000000
371;1034781;34532000000;33456000000
372;91551;4140000000;3740000000
373;29865846;600748000000;587944000000
374;29999906;600720000000;588368000000
375;10147296;181428000000;177432000000
376;9334577;137340000000;134480000000
377;39883898;600632000000;592864000000
378;19207426;200804000000;196288000000
379;16834611;155356000000;152064000000
380;9661345;161124000000;157532000000
381;9661891;160868000000;157244000000
382;26973329;289312000000;285312000000
383;19026878;195084000000;192484000000
384;36605538;342332000000;337332000000
385;8472299;90348000000;88596000000
386;8151664;139308000000;136172000000
387;38804043;600680000000;590320000000
388;9846037;142268000000;139084000000
389;17015427;130876000000;128364000000
390;10381766;84212000000;82448000000
391;43110859;600672000000;589624000000
392;5739037;113104000000;109968000000
393;49965020;600708000000;591480000000
394;12799;576000000;360000000
395;3925529;151160000000;147284000000
396;17413;504000000;364000000
398;18898684;510000000000;499712000000
399;60;12000000;8000000
400;6868143;314916000000;306924000000
401;4114209;77156000000;75952000000
402;815186;20808000000;20004000000
403;1660;244000000;144000000
404;7050143;413268000000;399872000000
405;7482711;289144000000;282140000000
406;38099599;313672000000;308232000000
407;76946;3160000000;2836000000
408;41106;1548000000;1468000000
409;332973;19068000000;18412000000
410;14816616;452532000000;443108000000
411;12152;556000000;444000000
412;8713;844000000;744000000
413;6046;372000000;304000000
414;1050754;27996000000;27228000000
415;878810;32916000000;32072000000
416;19;44000000;16000000
417;2557738;126620000000;123536000000
418;48273015;600700000000;593856000000
419;3285215;118160000000;114624000000
420;0;15140000000;14968000000
421;1594397;65464000000;62868000000
422;4387507;141596000000;138656000000
423;359667;6032000000;5768000000
424;1016291;11692000000;10612000000
425;3284;244000000;216000000
426;74965074;295880000000;291476000000
427;410745;8204000000;7628000000
428;725974;19620000000;18656000000
429;185197;11400000000;11028000000
430;387346;9544000000;9496000000
431;46968943;600704000000;591752000000
432;3705926;169364000000;164988000000
433;68919045;600752000000;595676000000
434;2965479;84812000000;82284000000
435;19381788;162860000000;158228000000
436;5185;112000000;96000000
437;1096746;36968000000;36400000000
438;1613715;100120000000;97152000000
439;32188107;600720000000;591328000000
440;43942725;600760000000;589752000000
441;3555064;84272000000;82256000000
442;49516209;528416000000;517832000000
443;44986913;322316000000;318484000000
444;3608502;177988000000;173220000000
445;5058550;90800000000;88728000000
446;796994;14844000000;13988000000
448;33031928;600644000000;593156000000
449;166092;7692000000;6964000000
450;28576692;600756000000;593944000000
451;1057670;40080000000;38836000000
452;344;44000000;24000000
453;499351;13340000000;13012000000
454;223798;6752000000;6280000000
455;781;72000000;56000000
456;27554497;600752000000;588440000000
457;1637512;69340000000;68016000000
458;1195488;22260000000;21536000000
459;10197290;303404000000;299188000000
460;91;24000000;16000000
461;657;72000000;48000000
462;23;2996000000;2880000000
463;203829;12336000000;11612000000
464;92536811;600652000000;596992000000
465;9649;588000000;384000000
466;4596658;204940000000;198580000000
467;2110012;58480000000;57280000000
468;5384;356000000;300000000
469;3423273;99820000000;97156000000
470;2471;236000000;164000000
471;7;0;0
472;62;192000000;168000000
473;11570951;600760000000;587176000000
474;55;356000000;232000000
475;0;20000000;12000000
476;0;28000000;20000000
477;0;8000000;8000000
478;0;8000000;8000000
479;0;8000000;8000000
480;275992;11876000000;11500000000
481;2833224;108104000000;105376000000
482;677986;15832000000;15368000000
483;701;100000000;64000000
484;43743934;600552000000;592860000000
485;5683;860000000;504000000
486;624905;33700000000;32556000000
487;6932857;315656000000;307668000000
488;3561417;174472000000;169976000000
489;19852610;203336000000;198120000000
490;12694607;167720000000;163192000000
491;1148317;39664000000;38520000000
492;19022029;575432000000;562792000000
494;9620;1928000000;1688000000
495;5212;112000000;100000000
496;332973;19108000000;18496000000
497;9620;1704000000;1592000000
498;7217008;288824000000;281656000000
499;2205131;62688000000;60108000000
500;79997;2476000000;2320000000
501;61806;1940000000;1804000000
502;0;836000000;784000000
503;140;8000000;8000000
504;1063629;59904000000;58868000000
505;10325660;102396000000;100976000000
506;17;4000000;4000000
507;12679290;219712000000;216068000000
508;326956;7372000000;6652000000
509;221;44000000;44000000
510;9182877;35972000000;35784000000
511;163257;5060000000;4620000000
512;25826;844000000;824000000
513;234039;6380000000;6084000000
514;3693290;54368000000;52896000000
515;3581;316000000;216000000
516;105656;4496000000;4132000000
517;215600;5356000000;5292000000
518;46630;2244000000;2128000000
519;1842;100000000;88000000
520;37477011;600756000000;591548000000
521;27890;2504000000;1816000000
522;23887;2868000000;2520000000
523;14867007;600756000000;590200000000
524;0;0;0
525;3186;668000000;472000000
526;19164962;126184000000;123460000000
527;0;0;0
528;2936517;128480000000;125104000000
529;20112;1084000000;936000000
530;366685;8064000000;7756000000
531;20;8000000;8000000
532;6207;440000000;408000000
533;57712399;600680000000;595520000000
534;53405546;600680000000;595428000000
535;52119854;600684000000;595832000000
536;107882;5020000000;4340000000
537;2428364;67168000000;65804000000
538;12314348;120200000000;118748000000
539;103054;3780000000;3208000000
540;2032438;72356000000;70888000000
541;370;1384000000;1036000000
542;42878;2396000000;2232000000
543;35800856;600756000000;591088000000
544;35;12000000;4000000
545;746;172000000;80000000
546;438840;26336000000;25036000000
547;193;8000000;4000000
548;1232253;64484000000;63088000000
549;1313129;65832000000;64012000000
550;2738525;131348000000;127656000000
551;315;96000000;48000000
552;19088327;316816000000;313188000000
553;4050562;71668000000;70076000000
554;2;0;0
555;15;2176000000;2012000000
556;62510;6788000000;5796000000
557;108350;6204000000;6100000000
558;2094654;68620000000;67088000000
559;119019;5948000000;5588000000
560;56081;2516000000;2396000000
561;6641;364000000;352000000
562;743163;14220000000;13932000000
563;6668291;27004000000;26552000000
564;1273990;57192000000;55500000000
565;50;4000000;0
566;490;84000000;60000000
567;11264;544000000;496000000
568;86;32000000;32000000
569;11495321;600744000000;587452000000
570;2109419;58416000000;56808000000
571;13539;1056000000;924000000
572;669238;6868000000;6388000000
573;8422709;277180000000;270620000000
574;2738525;131420000000;127664000000
575;11810;896000000;832000000
576;30253298;600744000000;591292000000
577;10206215;600744000000;588200000000
578;625158;14100000000;13056000000
579;1228733;61112000000;59660000000
580;91901166;600696000000;591344000000
581;1892391;81152000000;78676000000
582;30293668;595324000000;581208000000
583;34335860;600724000000;589736000000
584;211962;9528000000;8644000000
585;1191;220000000;164000000
586;5305483;263108000000;256784000000
587;345211;7876000000;7452000000
588;17241787;600744000000;587372000000
589;222258;10048000000;8864000000
590;168900;10296000000;9968000000
591;4654097;70360000000;68184000000
593;44565;1572000000;1540000000
594;0;9548000000;9524000000
595;20800589;180200000000;177128000000
596;427299;19112000000;18620000000
597;2891704;116964000000;114140000000
598;12357765;600752000000;587936000000
599;6932857;316188000000;308128000000
600;4748;412000000;328000000
601;12863771;478264000000;463136000000
602;62845;3988000000;3752000000
603;38518;1452000000;1420000000
604;3561417;175088000000;170836000000
605;93;12000000;8000000
606;2526043;116936000000;113944000000
607;414635;19372000000;18588000000
608;17607;400000000;204000000
609;0;0;0
610;24;4000000;0
611;2036057;122744000000;119992000000
612;426116;10328000000;9912000000
613;7294053;306800000000;299148000000
614;19069160;245560000000;240448000000
615;1586;388000000;208000000
616;3139680;94480000000;91384000000
617;119;6472000000;6172000000
618;183608;4916000000;4748000000
619;203749;3356000000;3236000000
620;3501401;165732000000;161676000000
621;91455;3324000000;2928000000
622;7245544;135532000000;132132000000
623;132838;5928000000;5720000000
624;9380;984000000;720000000
625;484413;17600000000;17180000000
626;0;16000000;12000000
627;1233;852000000;732000000
628;47;4000000;0
629;201859;6684000000;6412000000
630;722373;46704000000;46124000000
631;429941;19272000000;18612000000
632;220692;7056000000;6724000000
633;0;1856000000;1852000000
634;492395;12740000000;12348000000
635;0;1036000000;752000000
636;0;140000000;108000000
637;0;4000000;4000000
638;3882061;160596000000;156600000000
639;113161;2036000000;1736000000
640;6202;1192000000;1028000000
641;3723279;108204000000;105960000000
642;407;128000000;60000000
643;23784;1768000000;1540000000
644;293;60000000;48000000
645;26599930;600744000000;594800000000
646;11409;424000000;320000000
647;2454492;70692000000;68568000000
648;99891;3472000000;3252000000
649;3645507;180204000000;175368000000
650;7187;984000000;824000000
651;650934;33800000000;32864000000
652;92276419;600708000000;593976000000
653;177834075;600692000000;586412000000
654;820801;31952000000;30548000000
655;333140;6580000000;6452000000
656;582565;11012000000;10888000000
657;267;40000000;32000000
658;22224;940000000;824000000
659;9674931;96352000000;95272000000
660;118554;1380000000;1248000000
661;5860;1180000000;752000000
662;2641;276000000;220000000
663;607171;8576000000;8268000000
664;6;4000000;4000000
665;68;104000000;76000000
666;170;32000000;16000000
667;4280;416000000;288000000
668;67706;4296000000;3880000000
669;30499255;600748000000;591688000000
670;60571;2448000000;1712000000
671;626020;45176000000;43596000000
672;30251466;600720000000;586648000000
673;76232;2988000000;2760000000
674;1259491;16136000000;15324000000
675;595;24000000;20000000
676;57370;2448000000;2184000000
677;302;28000000;24000000
678;286237;10976000000;10768000000
679;11945;576000000;520000000
680;10063233;600744000000;588032000000
681;1136091;21144000000;20236000000
682;260;12000000;4000000
683;34;12000000;8000000
684;1076560;24220000000;23500000000
685;47005;2460000000;2320000000
686;268369;8040000000;7660000000
687;0;8000000;8000000
689;541406;22072000000;21556000000
690;2305954;97212000000;94440000000
691;4431877;292372000000;285076000000
692;32870;792000000;680000000
693;12086589;600752000000;587380000000
694;2543529;37376000000;36224000000
695;2305954;96924000000;94564000000
696;39523;1452000000;1340000000
697;13361139;266880000000;261592000000
925;1;12000000;0
926;4654;964000000;888000000
927;2;0;0
928;113;20000000;20000000
929;73;44000000;44000000
930;647;44000000;44000000
931;302342;3708000000;3708000000
932;188093;2316000000;2316000000
933;71820;1604000000;1592000000
934;459;8000000;8000000
935;670;52000000;52000000
936;0;0;0
937;3421;224000000;220000000
938;39231;484000000;472000000
939;137;4000000;0
940;6115;116000000;100000000
941;5386;44000000;32000000
942;7;0;0
943;20;4000000;4000000
944;67340;736000000;732000000
945;13271;236000000;216000000
946;0;0;0
947;2;0;0
948;224218;1776000000;1756000000
949;31;8000000;4000000
950;33;52000000;52000000
951;3200584;18740000000;18388000000
952;1964;200000000;196000000
953;17285;228000000;224000000
954;166950;1428000000;1428000000
955;1274;124000000;124000000
956;96310;936000000;936000000
957;203;8000000;8000000
958;666;8000000;8000000
959;375892;2908000000;2904000000
960;199734;1760000000;1756000000
961;107;8000000;8000000
962;1789;8000000;8000000
963;722671;5768000000;5744000000
964;149714;1844000000;1824000000
965;2120;20000000;20000000
966;258;4000000;4000000
967;11265;96000000;96000000
968;51263;392000000;388000000
969;239493;2376000000;2308000000
970;304018;2788000000;2704000000
971;0;0;0
972;3207;112000000;112000000
973;36;0;0
974;32;4000000;4000000
975;52;12000000;12000000
976;15;4000000;4000000
977;37;8000000;8000000
978;35;4000000;4000000
979;0;0;0
980;116;20000000;20000000
981;3;4000000;0
982;31;0;0
983;745440;4984000000;4908000000
984;2082771;10832000000;10796000000
985;403;44000000;44000000
986;1301;48000000;48000000
987;5672;88000000;88000000
988;372;56000000;56000000
989;65;12000000;12000000
990;282;12000000;12000000
991;4105;68000000;68000000
992;11;4000000;4000000
993;731;28000000;24000000
994;77;4000000;0
995;19069110;63752000000;62852000000
996;23634;292000000;244000000
997;59;0;0
998;50;12000000;12000000
999;63;4000000;4000000
1000;0;0;0
1001;0;0;0
